ytwnjzeopmhqgkc,sgcakudbztehlyi,31
lohawfrxepkbqnu,eofmqpnukslywav,74
twemixjrcofdkln,vrjegiwuxldzamh,42
jnvrcqlhipkabuw,wvjbqtsuegdrzin,19
bfwemgrojnsplkq,ftkdjwayecmpuvx,45
uzdjcnwrvsatxeg,oytpejcsxufgiaq,96
ihkfaurzotjwbyl,dbvithsefjxwkup,98
emwbxhpsalojvfz,jubdilyosprmvch,92
phmvgxqsobnrucj,kmuyjprlnzbvxhq,73
vpgkqwbhiamsfcr,xihqrlusgtepnka,11
ctkasflmdnbqjhi,mnpqftudhbjcras,76
vyaushefiwoxzpk,zbhdjuqgiwncora,24
mfedxcwnasyzkhb,dikvbftxlrjaqwh,40
xekarmpdvbcohuj,rapgqnlvhityudk,36
citydfgonhlvasj,wcftqlpvbzeojdx,69
kbftmdwpvujyilh,brsgjqxuoempyni,73
dzwsiaykhlfverb,vnawsbtkqoyduic,81
mfjhuzpnqvdtoiw,ytpnrvxdseiobqa,95
znlxdvyckqbigte,gyxdptiqrnovjhu,48
mnpkbduqsitcalh,ujakxyresdhinfg,45
vsupckjldinafrb,fjhqmrnkogitypl,5
caljmqeioynspxz,mbwjltkfiruzxdc,44
zjcrviwboelfnup,emaocbqkngiydvw,61
ofdsigjbtxkmurc,syroctfxahnqidj,39
krycbvqzdfspmlu,duabtglnxkiqozv,80
xmnbjkouzalvqwd,itqveylzxdaockw,82
bdqpcfgrntjmave,haymbqncgsievpx,25
oajqnlzudfgbkex,ojeszunrafpmxvy,79
vrpuiaykmoztlcd,uznwtcohkximjya,77
acnltezrxokugsq,tekjrxbcdhopngy,34
kpdbguwntyjiqva,zqmpdboleijshka,97
zijlkyogpctxqru,lfcosdvqbzanxmw,67
syezbimuawvcfon,ljdspvketyhrmbu,16
iouepqamvkwfbtx,dwugenjzkqtyiav,31
xikfnsjtlwbmdau,iasgfhdunkqrzmt,62
tacvmhbjdwzoksu,mkrwctsuezfaypb,25
gwrhaqknzuovytj,kxmwbazdjypcelo,21
roxieqplkyhswcv,mauoxsbifjyrpdk,48
htiskjmwpobqlnf,cxdboqpksuafwmg,65
whlomixnbjavgpy,adybfxcherzvoni,92
kfpajednyvlwxqz,qzeyjkbhmawrgps,72
yetdnkoqgxvbprh,xzojlmiygadcvqp,45
magqpojnxwrkydl,cuyxabrhzjwokqg,38
gulvxoiczkqhrye,rgbacdexqtjokiz,71
lhnzomgykwutdxq,nwekgmdubcxrifp,23
vfmsketcaozigny,yjnvrbitwpaqdzh,52
ebxrwfcikshopgt,xobqwvftudlagsm,25
nvspozdxautiqjc,ljmagbopxtinvek,16
lukhwidpgbsnqer,venydxwcshlkzit,69
ybiwmpcgsxazrto,edbyswvuzgopqkx,82
gztswinrbuqojle,ivzkesfxyagjbuc,88
objdhsyzrtipklm,saehydtnfmzpquj,24
yilohxvbfgmjacz,wyxqohtjukgcvaf,73
sovcbqrkydpxmzh,naxztbdyveucmjo,86
ildcastxvpokjeh,iazkcwerdxytsbo,39
smlhyjewnoqbivu,zlfjitgkqcmodrs,17
idbzjwoyxsahftv,tyxkoqgibmcfsrn,18
jptsqozmuaceynh,uwhzmdlejbsioct,76
teayjzwmxuvinfp,jslypboqtdnawux,80
sfcipamztvdhwye,pqgabujhwxcnylm,91
sbrjgacfzpxvntk,wzimajetsxkplcf,24
fksnhacyopdlgux,gpmerkdhojlzfab,43
naesuidlhvwtzyo,jizrhgxqasnbufo,76
avikubyjzlcqwpg,reqpmwsanjhxtfy,90
ziumntxarskjehc,jbihdzwnaxtqyop,50
kpzdebhsailymgv,bldgxoucfnjpsve,42
sewxcmnlukrtgjp,vqifuyhxjokdrnm,29
hmdkteybgfxjrwc,aerdixjuvhmpcfw,21
mefhvsgyokwuzcq,xqekzohviunrwgd,68
erxzvhkjtbioyuc,hwrxaybqzkdpusi,80
ygqincdrjptxwea,ugijornslkcavtf,26
zcosfaqjhpuwrdy,emncftsrigwxdoz,17
iojyseckpqtahnv,mjgkwlprqiufvxs,19
kpolcdnxbmfarwj,jhqnlormzgivyeu,45
uegicvlrzbsxnjf,xwnazemhdocqgfp,15
obyslrwegqauinz,gywlfjxtdsmikhq,48
gbywzskqhvpdref,duxfivtmapqhybn,68
fbvirzmsqljnxpu,uenriodcwlpmyft,10
ugbjhkipdwzmaqy,qtzirgxylbnsfvj,91
drvujbyhntwscxg,rshxvywuanlifpg,18
tejaobriusvcxkh,anqsydblvemjzrt,32
nipogtbhcvdxlfz,eglqusbjvtpikzm,39
bcngwvajurpthly,qvstgfrbmpwadxl,74
tzmieavhlrqnjok,qcsgatinjvobhyp,5
qzrevfbumnylcap,btswocjxedzlqrv,49
rzleaodgtfycmbs,vswlitzykfmeadp,79
aheslufrjvibkod,txvnykgiwblpzjr,52
lbixtympukzrgcf,mdiwunzkfevqpay,9
itjlrymanuczewx,nztockhdrsmxjyp,37
waemkblnujhyzto,gkhwarxjtpzyiud,50
srhxcvqetzkoypg,egwtycmozixfrbk,11
hetbczmfroqkyjv,zturxvjmchwdafp,88
mtfsadyuoxckzwl,yilzohfbtwcgskq,44
btwphgvyrakizmc,bxlkmdzuintqefh,78
bzxetnwlpjghfak,nfuzgxejqvltoay,63
ucvdzxhoqgbtapl,dpbnrvmsoakctfw,28
orviespykgdanzb,fmxyawiqtdjczsh,57
pontfhjmkdwelya,vcuwdzflhxmktsg,88
ouqhkswlbrfytjc,aclymqnxzkfepio,74
frjqthlvpxwecso,fmnoaycshbtzdpr,2
zudvkqspmwglbet,kgnidboqrvheajw,9
lvdsjbrqefizpay,enyqgjaufwchtld,30
auitlwcebnxrvpj,ctfmsvzrhwbdxeq,55
uqtcypmrjdnxeov,grzflnhmidxjkaw,15
ezmbhsqvlkxuwfo,bdvazsqywcxthui,73
donjluwxeqvsikm,jasclmyubfqwgix,66
ubsvrjkgfcotwip,isglqmjcdzrbkvf,50
gsbrwytvoxjaqpd,wpsbilfauovmdtn,82
ktjxhocwfrepbqn,cbnfjwzydkogrut,11
mjtunvdelyxcoih,urewndqgzxsjchy,38
yeajixpdbfswkmt,ozwlfqhejkitmpb,92
kbrfateclpzyowi,ukyejnslrtovfdp,61
fyghcrsbknvimqe,ksrxquognhlfijz,28
mowevacyfknlhpr,seiauxrjtlbopzg,66
xerlumzdtncovyk,zbrihfocqdwekvs,51
jvhuyptmclrzgbs,mpfnjhewzkoidls,23
yaobvzuqcrpfnhe,phrkimudcbyvzfj,93
bwpjtivmgrkusqx,wkdsjbayutfnvqx,77
vktchsxojbqneif,yoigkwbuhjafsld,13
yltfzwncvuaekdi,ujdtsewycokqgmf,14
odhqrfguiymplax,hrqfjniuvyegxol,6
nwdgbexovlmzjth,gqkzjmauidbfoxn,45
sxztrmbkduoqpfn,omvsgtblfpriuwj,68
dhircwmzkjsyeog,wzkhfyqnvldgisj,9
fyjpidqgokrmzsx,bxfzgskdjvqpyno,64
vztwqayfjpgklhb,stapicxhlgyfkvu,27
fyuqbodwkmtrajc,ozgjwhnyvsqaxdi,18
moztdnjcwkruqpv,urjbkfigqhmosac,96
eqtrpsjyknmlivd,fxriamopqtjukvc,60
hpfrigvbqydslxk,iyauskncthqbmop,8
gvfethbzrmwanyk,mqydgzfxinlcrja,18
fhcdatspkrxjyvi,ysqvwcumjfdagbe,97
ujbhcgeqopzmdvw,dkyebxjigtnuqvw,84
jtiyegqrocnkdbz,qcfrxbgothszuak,9
xqemiktrljwycvf,ubkzlyjnwedcvta,39
sjwdbotuemqrnpf,fxdgeyuhkrljqvc,82
fbhxlrgnzpvqtid,iayphojxmvklnbg,60
pmnycgfkhivtsur,srzndalejmwxpbc,48
roifgevnzmalsbt,iknvgzodfmeahsp,16
dpogqhtblrwszxv,gwrloekfqypmxvb,52
lkjxewiugtfyorq,wtozafjkmsebuyn,11
xoprwnjtbcvzsdl,wjuaixzqptvhgyr,43
vsqmxfebialrjtp,hmigbqkwynazldo,51
ksbjhlzdtgpoiym,ivztarbnyfxjcdl,76
hjyopcgzvtrluei,pxwznthqsrdbjeo,27
guisjzlwtborvdq,lfzhetmvkgudjqc,79
hbrmjglzxsnkvwu,nuqhmdobflwypzg,39
qzjtufvmyaprhix,lqcjzngxoyrudph,88
zneaxhmwiqypjdo,glmjdexivaowusn,70
wipghduvnlsqbrj,wgirlajncyzhpef,40
cnbhwposmjvztad,kupytwvjldemrbc,37
jubxfaksztnqhrm,dvpqnzkibfameuh,34
zanwpikurctlvhg,eqlgiukmzwtypnb,8
ybpevszlrijnwum,qyufxjobrdcnplv,13
swbyhinvumefzjo,ksancvhzdpmefxq,2
sumkqxzfhavyitn,vgjbldrkuqfwxsc,29
uvjhcrignmzfels,wdspubighfnxkqz,84
xqpsgrwmtfbnhyk,jpbntvzgaqxocde,22
eczymnuvgapfsbo,fsvegramtnocqzl,28
wceqjfkhosxudmz,rxbzhqefvmynldp,59
puaecsytznvmhfo,ezwlqaotdjgmfci,93
gmoatkhzfvbxied,cpzonhqvjkfeymg,91
fbqodhiavymjnck,rxpkhdzcuvswqml,9
gnmqksljfropadb,psvxhmrbtaodwkq,29
vjyipemqxruacfd,owlemsiqpcnavxg,69
rkizycewpfgxvnh,yqskzhjxwmnvbug,70
olzvyqnkdfsrbet,fmgxnobrikvewhj,40
nhbvjwuymzsxtrf,levjdrmokgquncy,42
mozlvqehkbijstf,xljqgfpeywdiahk,35
bujzpmtfdosxeia,fjgxyrhzldkbuev,2
kxhnfomtwebcqir,xewmynpqoagbkri,44
htwuiksgzvamjqb,cmxgkqbthpajoyz,29
otxwqnsldpkbejz,bytqxfnwhkzocls,92
xicvszpygjrkhoe,ilvfoyatunkgsxd,3
edjplswzbvurqcy,kovbjuemzqragfs,20
tyubgfdzmwakcvl,ukbqvgofewajmyl,62
lfocmysieunrhta,jzmgqwkfltoypix,27
pxadlykjquehwsm,dtznbcuarejlmqw,85
zdsntxywhckrjqg,avtryfbjplsughw,8
jkuxylrebsopavz,btaivuezdlpgnqw,68
lkoyqfgrxpnsdmw,rvsiydneltwfkqo,61
zxfyhsmiaeqovuk,rxuqljktvymbngs,75
cghirzjvfdonlwy,sojqynmubtcvige,25
rqfjwpdgzouhmvs,fmbjdziklgewoqa,9
adqnpbewzjcoyfg,mdvtkzposugcybx,33
bikxprhqvolnfsy,flkmehzrbiqgwou,68
gjqwbmfdvceptil,pzgflrkvnawysqo,30
bjuxgorlkpvhnzf,ihyoxtesfvwcard,12
jtqaskypwcuzmlr,becpdvgstwqhiuf,96
ylwuznpjaboevif,ejnhybwuikcxfzq,65
uczflhnmjebdvsw,sqwfhonbdvapicm,94
aquibyofjlmskep,hptxufbgskyrcam,81
ehdavcpzifqluob,cwjpkersnlqvmga,36
plasqfwnoykvtih,qvepdjlixutomzc,75
giovrdcfewxnuyq,uywrzdqhfmblpis,67
umbvlriozptjche,icumotjvweqyanh,51
vhqgjieydxsrnaw,dcbuosvpgxjkqti,69
qwezsrtivlmxfkj,jembkwdqsanciot,84
sbdlhfiajretknq,fpakuemnlvytdbo,36
wsfmqrltkcyieod,zbhosftwcdgarkj,9
hnomdpvrzwqsgxl,axhzietlcvgmosf,90
xsgkvuofctynlde,neltsrgwfohzbqm,56
aujxcgfqnepwibt,uldnqtfjxyvrmsw,83
avewljpfsinmqzg,wrqoaihdflsmcpb,8
hvuqfijkapxwdnl,hnieptmjvaufylx,73
tjbahiuomnvrdzk,blvatgeirqshcyx,31
wlzcnqsbioxefdg,qrpbfzleavcsxtw,97
lsxwhtrevpncizg,nrlhvwmcfdsqoup,59
sbghlfuzyirokxj,poawnmyritsdqxc,83
irwqafhneovbsxp,crsgwhnkmtqioye,52
thpxvocnifeydjb,nefdbswmgaxhuri,59
rjkeimlqayocxft,lacdrmoqksxepuj,18
wjqafcxltbrsyov,ndihrjwxaymcgpk,27
aieytnhzomrfsqw,jxwlkdzsbthameo,89
vehzbsjfkwiudpl,omlczsnrdxhgjiu,77
qgcborkdapusjih,jhxupwcaygezlso,99
juvgidftpszwnax,ickdxfuozgaslwy,82
vyguxqhoibsjdmf,dsvrmwgcyxpilfk,51
bmopcvxysrjluqk,sfxcrqetampwlgv,91
zjlcfpegyrsxbqv,oglzcujfsmedvpi,49
zwaysdnkbjcvfol,worueqbftikgyjx,11
fjnlepmawxcgudb,ocfqmbajpyeghkt,49
sgpralvwhzkbedn,vyinbwzcdmqrhuo,26
dngkcqsjmxbrhlf,zomeqngjrdhvtsi,48
fovpgeitbhkaruy,eluaqmxgdnkptbf,58
ptcoejafvslbnuq,lndzhacviosmewy,42
vplarehbuyjozmc,kpbjfrhauzcxnml,12
dthsnirjqbweoyu,qswxvahzpdrefbl,99
whobsnedvcxzgqk,cfkjhnvzpgewird,52
sniyfqxrbcwdape,zumryacnxdpvtbk,6
atdwsmxuioqnjke,cfavqzoedgnsjiw,25
tjqewuvfoskmcxh,xgnhdewimupoylt,80
pmsnozflqwjcxeb,bndwemtpzrlqayj,94
ohiedcsmgwyuvzr,yqztcxudlsonvke,97
dlqbxhystakgwer,isngohalrdcxeqy,63
oidkxurhjzgtsnq,rfysahdvqpuonmz,89
fjurkxcyvobhnwg,ocfyrpjsnbzthax,89
vaypqcjtsihdfez,fcwjkrdpxbuqemy,15
ejfczblnwxrvquh,siunmfoxredlzjh,94
xdhmoisrkzfljya,bpnzlcwresgfuqd,98
ispqmbantulcwhv,sitdzxqufoeknhp,13
vxrqpyonhfuemcd,tjodxgrbmcnvzqe,95
iygopbxwjzsclhd,emqfilxyagwrust,22
kuzfngbqvtjprso,oswbugixpmnyrzj,59
uqklxcaovjpneyr,dugsrobxwlfptza,50
wmzcfjvxadoseub,pnyachezfwvqimo,23
skfvwzycothlmnr,aqoubdmnexvlpys,8
jruztqloyvbspkx,blautgksyixvrpz,36
qpjywoximhsdrab,odpmwliasevrchf,75
abnofqgjhzctmvk,tqgfnxackowvshb,20
abxrcwjlnzmdfyi,luropyzvfqwtexk,43
pnvdysrqjbwkgmf,uaxwgjscfoevnzl,54
whxbzkucmtiljrv,irqpcvmzfethyjg,20
deljrpmhgcxqkuv,rkthbuylzifpnjv,39
jriuzymbawlxvcs,udvlaptxsqgknyw,67
gkcwqjvdnbxrypl,ixzqmdfgksepoyu,65
suteohnwzacgvib,gjuvtmrqpayekhw,90
hbkavyndocfilej,dmnzhblyqsvucio,31
psygaizqnukwmxo,pvrunmachxilzjs,74
gfjrauoshlwcybq,stynupkhxvlmiwo,84
wnxsvgteqbracik,tavrlscqmbyioud,23
prqylmhvexazoif,vcxbluqaiweykpr,34
qivodgblukfcamr,odrmkgpsalebhcf,84
zefwcpxnqkjuydm,qhatdxuswpgyocb,88
wivduxbjsqmycfk,vlxszrtbkqwdamy,89
bzutqhjkwlmyaiv,ztumhrypgsqklwj,61
cvwypmohfzngasd,curqzeyfbtglpvn,13
dfrxlqcnuewmsya,mdunqohlzcsftxa,85
lfszkdyouqrajgw,cgvlxkapzeymwqs,56
biqkjrtvnaezuwc,jfasvehbyitplwm,97
dncwptaqosbglme,xtbzrhkgqaynjwl,62
wmtcdepxngohzuv,havespqncwtzldo,78
fzanwjulhikpvxd,qwgfvshoxctzrni,46
hlmzgskpoqbyvwu,civnrgatleymfku,54
itkdblpjcreongh,tpnuhjyzekmlabr,55
bcxsqrpojwnvfik,owuxilkpcgsynet,36
kroiblcwmuyegqz,tshlmvyrwfniqbp,28
hvlfejmwyucbrdn,tgqrwifuvzjpamo,10
hzoswbndyuegmcv,zapujyhwtrmgdvi,67
tivkecrsulmdjyp,ypwjqtscflomngd,91
rfxcwtanhpisdby,oblicxefwzpghmj,60
pkjxiswgayquzeh,skbtvczldrpjimh,17
mbjougraylxhqfw,narfhyzmlgvjexd,3
pilvkqwegcrhzoa,zghinksevupbldx,11
vqwgskbtnaximlj,zobpmlivqatykec,35
gkfepvqyitwmhua,aoxbqfnimpgedyl,24
fuidpqmagjxncbh,naxdvwiqmhfzglu,46
mxqzwdjyohecflu,exuaykhtrzfwdgj,30
srqbuglxcyjwznf,nuyidobrpetwgqs,11
colxkdietzwgujh,ytwijrmcesglkzo,35
wmxdunczkejagls,nwuqadctlizmfxh,24
jlapgzvtywxuesi,xhfpiloedzgwjmy,24
jfavoedlumgcnpz,rzynmhxosbdpvqw,47
qlhdfixvesatzro,hjekgruxltomwnf,1
hralitudpoyxcmf,wvjmgephfusczxk,60
ugraofkcnyejisb,keionaxmcqhvrsy,32
xchdlmygufaenvk,igemwubscrohpxk,78
cprhgzmysutadxn,lgvfyjzmpudsrto,48
zrfytaqghkbjvup,zexfcorpmnugdwl,97
snmrlvuafgtywdi,pkobilntgqycsha,86
hotzgfqixynlpjd,wxvcsjdbopnuefq,57
krgoujapxtbvmwh,kgixqdlmwtobnja,6
zkxaifslhpybrnd,wyvsexbdztfauqn,76
vmoqdpufnxelzyi,praijsfukzqowec,76
jveybkszqmuwoxi,iszvmfelhjodxgn,8
nzgsjpoikmwhxta,oxmkynqctlsgfar,60
tjogksuxnparwyf,dnxyjmlqfhecpkr,42
pedicwmyxgqbzra,duzkqpfyrabicox,16
fndctiwqpuvhjoy,ahpkszcxugvqimr,34
gjlydscuqwnixva,vbdqtpjyfslohaz,44
batvzdwciqnxlse,awnrktmsopdcvxe,39
mjvcwpxgklytudf,kydwvmtqugrjesa,2
psuacnkhdmvfbje,gilupdvfnezkmct,7
ywafdqhzpkubesj,zvduswqlyokarpf,75
ytelfdqvowgchuz,cygnwivkefsxjtl,35
ophqukezfxngalr,qriamuzfynojbck,16
wxbcuefiskjtqlg,xvtlpzdyemkocub,78
nblupcameitjkwh,orwlpfmazgjtdyn,19
myfajshkipteuql,mjxgpnakcyusrdz,35
nejbsraylxovufd,gafmcupbwvnsqil,17
jlgveqmhdwatfkn,qujwikglefbxtdz,38
vzxqcwsojeldmgh,nqkfvpdxswoutia,94
jkwtbizguvyopsf,dynlsvmjkefwxrb,5
tbgqrsjcaiypkez,mfezrqxhjpogikw,98
bvyqholzwkxuptf,wmkpqeogbctijvh,86
ojskvnbxgpreqaf,rnexlohjfivwtsk,19
fnozmxyghjildku,bqdjxghpimywzvn,46
eutbovmlazjyqpd,kqywmnroxuadjzf,93
vsoleiyjtprgchw,nzgfpwohasxrlyt,78
yaesokuwjrpvhmn,tpblnczjidfxmuv,75
qzhewprldgxynjm,ftvzwieysrcgukd,38
vjclhuqgxasmton,hstkuwyazlbgend,7
afylxhdqnwcgspb,mpdfnviwrogxtue,95
dvxekfqglarwjni,sugmvlfnctbpoae,76
qbfdzmekrxvyonw,gdaqvtwsruzmnhj,3
fegxyavwdlzonuk,qhicbkjmundlrfs,34
dzeiucfxbpgmoyv,ecpvhmkldytuago,3
wdbnjxyagikcqor,gurnqepiwzcdjvo,72
kgpnlwyxumqjofb,slezucytqoinbwg,27
vchsbndzujltqfo,tupwnibamryjqdg,22
faimpvenkjxwgdo,vghcpkuqsrxzaoj,64
eqwpfsgkdtbmvxz,mjwfqzxbydscotk,20
qpzcvbsxmdrfigo,cvewzqybfdstona,23
uavibclzqxjrofd,lvwgubqsftjedxo,90
vkurnpfxcyjztow,fjqnwtgxserozhc,52
bvfwkxspgnjzalt,oemkjapbixyuncq,13
mofaujixbtdlsnq,lkrozmitxjewhan,38
ecdvmaibflqsrtp,niodgqkhpysavru,26
gljznskfvtmxhbc,yczbsapovwjgnmq,71
skrictwevnufbgq,myatlgepsfoqnjv,16
gwchanrsieydqtb,mkwpihoxajducfg,49
cflmjswarhzgqbk,ewamrlyohguntvq,95
nqvtpbgxihkrauz,hreawgyimpxjzqs,35
mqrbdgknezofxuj,mdjhclzkuwrpiox,10
sagwhkrdefubolc,oetrvplixqgmbuj,37
pwrmcnykjudsglt,wgbdiryhknpjzcl,42
xwaydnkemivubto,dvjpnxhfwyaqzil,15
emhsaiqybrcxfog,pxnwlqvbtfiuzdy,17
tmevkuzawsrxlnp,orygazsducepjbf,62
meyfzwinatbsqgp,pnvykqcximhjoau,48
rtjunbeosmkgpxq,uvidbagmyctewlk,61
mzuhotpqderwvyk,qlyhvwnmzrjxpca,48
sbaocenxqiwpztf,suplthcwzfmjqeg,57
xmcwfzpqbhivrul,lmhxjbdzqcsruig,10
nzcdmkxtvswpalb,hkgyesuaonczvmp,86
cpimoysdqeuwkah,qngcmlayzbsrkhx,4
kbyozdhepslqiuf,bqansfpgcuzmorw,13
xfctopqgnhmvyji,stclnwdqgepbkih,23
uxftwrvejhicdzq,gpdaxibunsfjyoc,92
hkpqrtgcsavmlzu,tiehwkzfucylxbd,91
izbvarmnuwkcohd,keszjwdloputmgn,16
vmtcdgaeqklywfs,atcybokvdznfeml,57
kuwsaglbrqjihpc,mvhkjaxezolptun,29
shvwcryzuatlbdg,qxfpvijnskodwel,31
poeqgymxrstnzdv,hkmbyiwsldafegu,69
vghylcoqwtskzxa,dbtmchpfowsvekl,55
ombixfsrajvdupz,eaqlxopiuhkdsjt,77
xpmydelthoirbqa,fctwliqbdkzoxre,90
mpekjfybaslwhct,oenzwdbpugxqryh,47
igbpknzdmcuvsxt,dhptgmnwzacxofv,45
idmregslaxwvzuq,fbsamdgloctqrei,85
vfodiuythakmxrn,arzksewuyhmdiot,45
cpfimqvnlwegozr,hjdcbzmgfwrqvip,23
kzlrtjqabnpvdfw,vmkhzgnpqstyirf,82
pudrzneblkfycox,vrlhzdbqikmuxno,38
fkabtmunecsgzyx,bnvqcawitpueldo,46
ouxbatmsvnhrgez,heasbzcjfilyotu,64
klaqinmyzohvudj,uscetgvrmplyabx,71
nihlsaprfodtkbc,oksdaryfnxgmwtb,74
gquanlmxthefpko,bthkvwreocnfxys,59
ojbiyheqwrsxavl,ycpiunsjbagvtdw,99
eiyzmvaonrqgshj,sqlotvjwxingred,1
dpkzerbtuowhgln,gyjirnpzdvtweaf,78
lrtvgcisqkujodx,trdjgzomibfvkax,14
mcwqtrviajdlbeo,uxmlgnzjrfvcsay,16
igodksntqybwlpz,zkjufyicqwetsng,53
dbultgcsiyvawpf,klwaeshpxojczti,97
aqhfxnjgdetzsvl,wfkujsxrolebvdz,35
bwsyhnkmceoaqgj,apgswckxqovjilm,19
zywrjptqubhgdme,ckiapqnzdgxbtyr,89
yjmefuboswzkqdp,qcvdywjhaxgfblt,97
tokhvncfriupxlm,qocxyelwkznsurh,16
nqlohigrmdecxwb,fgtdcskqihejpwl,23
jlmdutavgcehwoz,buhvqfoyzwjidxl,80
lewcxdpykoghjtr,ftpjkuaynrgvwie,56
zdeygkqamxjwucl,jvehldpziarcxyf,72
airembnlgyovxkj,pxruiojsyzfecah,97
zgqjalpxmibfrvs,sxpbwudetcojgkv,20
lrbwfvmgkiysznt,edotunrpgmiqxhf,51
eutbqvlfcdhjrak,otnaevlcbhdfkwj,93
yfngpuvqwithblz,ewflqvgojutnxdy,69
afubxgtqwklmdzc,dtezcsinaprkwbj,3
rthnukbjldvcxyp,exlhacqsvfgzkdb,89
orcjtghvfineslm,oesdrzgufblvyqn,77
mtiqfywocuhegpz,dpmewqlfroycjni,7
malksfohurnxwbd,ylfxobdkirsjgwm,88
xjqvkabgfypusot,pjxsfhrkdtwcgqm,22
hlbcpemywuzfant,nvlqpcyeskumdbf,4
zfkwdoprvaixjlu,ncbkwsfueaohrmz,64
syfvcrdtnxuaoji,yiubqzxvshlrktp,19
pagowrjvufeyxzi,bgtqfhirwcdmovn,79
rdgajbstzifoxvu,pnwlboeuzhjxafr,85
srygnfwkipamhxo,jgprfcouiybmvwe,18
dzgyclmopktbune,bkgxrniswjyulmh,23
pyghdkurwlncjqe,wbofetluhrvnqys,89
ulvjsoxztcfdabm,etopxbijwmvauyl,93
rxpbjwvusqmztfk,xlbcogkapehsjfw,39
bcethvjnwrmlpza,vkfnhidwugezrom,95
bfmjnawsgxrkhcl,stapzvdxejrifgm,19
rthconbzmvuxijs,zhprtqwxsyeolgn,45
zmtdgneofxkrcph,rsuybfcdmazqwte,17
nluagrtyfxqpidh,yxsiujeqwpgtvmh,3
irkcjvzontdhpeq,ajtbnzocuyksgde,86
hqfezpbtjxkcmrd,mcuzythwspqrfol,16
hygpsmewcxaujqb,asjzxhwemrpcnui,65
heamlpvrycibjsx,eumnqshvwbdfpax,51
mrqnestifpkvzah,luaqospgvziymxw,53
axudmhjvbkgoqpy,wmnbaguidoqrzsv,15
mdwygtpzsuajebv,ecsqotjaxwkflyu,40
gxojwhufmcirkyd,wicbjeyokdmrpuh,4
irxuazbofgwycmj,njutkfvlqwzadme,9
wlrmxycpouqjthf,ucilaoerzysqmvf,68
ucbvokgdparejhm,nhztlmiufpawrbv,46
hbtiqkcgoldxsjr,ukemcalwgvsznyr,77
yruzihbvemfqpwt,vfepnghtwmcxjro,70
dwqjvslbzheankt,dwilqohgpbzcxru,75
qtdxhvymuraewjl,sfxnjkdcbivrgoa,68
fxardpugsqewljo,mqzovsedfxphunr,77
rqxypswjgtbnviu,fjtnauiglzoeqdp,82
chxvuioydrlbpnw,kbwhxiyvelfartc,49
zhonbaickmyfrsd,gxakvruolseidmf,79
ctlrbehsnzwoxjf,psdtlvobgxyqiam,23
ekpqxgwdolvjbcy,yfoerxzktihwpvl,28
iadowpctbsqykzh,zfmuserocydxtjg,22
ypbrvxuceamkhqg,upxvfcihqwmadls,2
ybpugoerwqhtdxs,uwxrjbhadqtyivz,37
vwacygbjlrdnzfx,hemslrfwyzugaoc,29
yarwuvbeskgtxon,acxsufzjnoqgvdt,65
igkulafztwcbnhs,lnvysbzcmuweakx,10
tmkvfqwidaehglp,umaotlecqynvpwx,70
bkrtsnzudewaygh,dfjuwsqergmitcy,17
pyxfnbsladwkctg,kdebvohzxnryfum,94
hnscagfuxbliqkp,tiaxnzeurcvdgph,51
ktcowajhbiluqmn,qthcsalunoxwvyf,57
agvpszqyhwrxbmd,qknxpioyebzdsft,82
hbulwgzvrtqxjpe,dwxuehmzargipyo,96
uztcpydkfqwrlgi,fvhtknwmulsqzcx,35
atzlyhjcekgvqnb,poztgkrfylubqme,59
zfypgrmvauhcqwx,anptfizyomsgcxe,76
jqwvipckuhrofzm,neqvcrmiatbshuy,87
hnslayevrqizwgj,owxjqruzmlpitbn,21
nbmdaipyuxlrjsv,fuodsntlcevqmxa,55
qwvtbdlgiejpocr,riqlxtebzwumfyc,25
qpkhesxozmdjtfn,bjnqyxpdgalkosm,52
yhxmnpoqisltkvd,deuqlczrybnvksh,81
ozbcfjrdkxhyusp,whvqbnpxurygikt,9
kbreylsmdiowapf,wjlqvduhrkfgcsm,56
vmiljksfdbwzeqy,podjlishftwqxnm,85
ujmnyirwfkbhxag,bvawpkhcxmqoytg,96
vbpgfnoejqkmics,zncpvtqabyksdmg,95
spjztyecuqknhri,ytmvgqcehixzsld,86
zkdgacxlivrbfew,iypjrensvukbcwd,10
egsiudntoqkplvr,cltfseibkaydnpx,86
igtfpjscewonxhd,lkordwtnqgzahyb,22
mqdrpukbtngwjiy,onyfvbdtsiqrhak,16
rkagnftyqehpjwd,kzxwepljhtcqmiu,33
pguntvhqablfjcr,bhlatoridkcjswe,78
tpvlnazfmuqkxgb,yiqmsvgajwzfdeo,80
ayofnvzuqjlkpdg,xiflmqedwgczkrv,36
mzvdbayfgkjilpn,qotpgmybkjcszdh,92
gsjczpbrkinwyut,nuciatvezmpwblo,57
yfwmdzpqokvbrni,fwoabudgnsxztvy,67
emvcgnajoqsdtkf,oeyjtnmcsxzvihf,37
qwmxykfzostnhbg,eyorlavhwbzsikt,56
eiavyshdwlmoprx,cmhjufsoqvlepxz,46
qrcegzutnsfylbp,danzouekgpjilcs,46
igelkpmdchorjbx,urdazlcxnpseiot,56
evgdwkrpjsycblq,fajqoiwvyhxkcmn,71
hiukeqypbnvcjgr,wrfqnjshxbelpvz,75
bldsvueafgryihj,cbqhgnmyoifwlez,15
jafhqwsmtvokzer,vhwgmpstaoyrxci,69
nhvgbdrkxjlpwae,qybtlwioedvzfck,31
ynqazmehkdvfisp,borglzuejkspmxf,47
umkdelwisynrvto,yjnauvsfezlwgqc,50
rvawygdpolbnqji,gcuohnfsejmkipl,23
tiwmuaqhkjlybso,gbyfvjnkziuexpd,30
qldexvbfmnythka,ibdqonjmupxgtvw,79
pbglashdzwovmqt,iwxzpdnbaheksqj,47
mwrioedbcxzfvyl,nuwlpajstqxrczf,16
thmopvwngzfsxqy,fqdbpjgoehxincw,8
grvawuqofxyetjs,qphagmrieouwfzk,64
bjpzkocasghyntd,xzjlwgerpnubohq,76
lxgdwktqporbiau,zgbycjuwtshdrnm,69
xijlfsknawzqteg,qcflgtdvhsnemiw,20
cwfdvzayrunklmp,hlqmnjagsbvfpty,49
oycxurwzaljfets,nkhfidxyzqevcog,64
bgevwazjthicoxp,zymknaiflewtdcr,98
opbswmuylcahegq,rbhewjxlqasigop,4
wbvykrnlegjcuso,ihrdnmyoxlwagcs,53
fewuorqvbtmaysk,uxocbmsderijgwt,24
xsminwklvqzjarf,nagowrvchkxfylz,69
wxrbaqeyzkugvcs,kqelxnfsthbzuim,80
afcmpleojxwivhq,aehfcbuoywjrmzl,66
fpazunbomskhtjx,apxsfocvjrnbgld,98
ytrusibwdazglqv,jtiqxcbmvyghflz,1
tcsynjamikdbfgz,kbnvqhfsxclwtya,54
vluxmqnghifbzrd,feaqgwnrdhlvkiu,15
vdhycfnogmpusat,xckqtjdnehplswr,48
tiejolzcrnvyqpu,yloadeqnzpshcmw,47
ylgofdxkaehmubr,dysbltgkfzeamwp,53
bkofgricjaytupd,tufwzoyvskqxmpd,53
vrichlngpfjmxqw,chlifusbzwnvdok,46
zmdlgwcbturakif,qsywpzaorultemv,71
nditzoecukahljb,efqvmjhpnzikcld,90
onedbahzrswfjiy,fjnubeaysvcqxhl,14
pgtaqmfnkirvbch,vtwpmcjluegnhfs,79
tqliwjkheancprf,wthvgdnfyjeqkps,17
zdpkenstvibgmxy,nbxtezuwhaiqlrf,57
yomfnkjbtsdcxqe,yolathcudjnrmev,82
bltkhqwgjexsmpv,edxfgvitznujrkl,40
mcgxdsbzawfeohu,swhoxatumqzbygj,98
zvaboyepsxcjqwd,stecfronpagbylk,58
yhleoqsdmvbinfc,etsvldmzhorignw,12
eknbcfdlyzmothq,uhcfdvlzsqtnwix,36
njtcgoawedulihz,rynwzkcudhpsblt,32
zqponvhtrjfgeba,wpuadrqcjivletz,75
ezqgslpinhrjaco,dcvhotqsagkwxli,82
wlqmedhufojzgia,nskhyxrbomztijd,22
rlitbzfukdjhcms,tnshdxyvrepzfwl,61
giwfnjpeqrsmdhx,hjvsuepgywqoriz,74
fbewdqpgmtockxh,vybpqhdneoxsmjg,74
ltvhywzekjxposf,aseorpnlvtimgfc,94
ktjygpdczvsrlwx,sniqgcubxwpfmae,56
xvnyetdkmlbrjsf,trpfndujsqxmavb,21
ziuxyvkpsbjdreg,auxswmdkqthlnib,41
cbjghpufzxayeql,bipadknmgctyqsw,86
fjmdrsatxbqzigp,qxfulhwmbtodczy,54
qnjeofwliamusyr,smhkvjcfgwzepnq,94
vfbwqkhajgepzmn,pyizkneogrwjbcx,77
gdbjqeaosxmvliw,mayvbptdjkizsuw,35
isltengaqhykzjc,auzntmielckhdwv,92
epoykrugjcfbimt,bvjmxtezlaohdru,41
gzwcepxksthvoly,hsumfcwrbdxkjaz,83
tfpiyvdxuhjzocm,qzgkdryhwmxptfu,58
wumacgxkprqfzsn,itxvdpfenkalhms,38
noxdhsklmticrqf,udflciptewroqvb,10
uvbqzkjeodhmptg,sflwtxuvaemzynh,41
lyoudnpcwikqesm,bkaodmvfqghxnwu,44
meorxnfsvjlcuyh,jpzgvirxswocuqb,21
kwpzqrexdsjcnuo,qjcahpuzkvxeydo,84
pzkhsdyubjoqave,ldczqvtusayfnrx,75
uwerzbmaixlvfyq,sdjmckopwytgzxa,39
awkdlenobqvjgzs,dmbpxtoclsieyfq,9
ezixbylnfsacqvd,hmxayznowtjqduk,86
megrvpdtuwylczi,fpuajlczdbrmkng,59
rkintwdyzvmbcoj,tmabujnlhkgcpow,67
mgzhajlpenoqkbx,vmosajwudknyrgt,91
cfqbrhukzldxnpy,blsqnvzmhxajwpo,5
lkxiqewsmfzthjd,ceafjkpoymvgdnq,41
uhqtgkembalpwyi,baefoigxdkvrhpl,67
tspwlukqbizdarf,wbvljatcgxhuyzq,59
kqzjyrefibuxowv,mhigndtcyuoezxj,83
mhyaubxtwvlnioe,qiytehvdzxplksg,7
zrqpomusbvgfkwj,itclqsvubormgyh,64
dowgbncmfivzekx,wmabidlouctnkzf,12
fkrpcwlbvtoyxns,byfjhnxzmlvsuwo,76
weopcdjaixqyutz,pgsqwfdcavteobj,16
vgijrbpdncweult,echiylwdmusajxr,86
vajhqbkmsiguctn,uoehyrvapkmcjqs,99
itupwrsofgxnchm,sbrfjoixkdmweyv,88
luqzyobipfdsnga,nqtcfxhmgerivsy,15
rmgjdhabwployvu,mdnwtlijvgukzse,68
hzscprdbkxyofug,hkdpircxfogztls,65
xisbdmljwtrfhkg,msdugxqafpobnyr,64
wxdftyjehkcgvra,uhsiawjqtzncpxl,20
exrndzqmokjtsiy,cexrakgjbnhmpoq,18
ukcxpdimzrhfstn,grpyxdvtklzcebm,3
spylnmuxqcfveaj,wkdfbsqgulohjzm,10
xjwusfeptriyocn,htydiumsawlpfcq,75
hryqfilnvxdoawt,aengujtrlpksmqy,53
oqrljhwnzxmyetk,imzuqgdcxlbknat,55
ecvjnhtayglxqwp,ldgvrqniejtzuap,27
arsbyknfzpumdwt,bcnqmvzestwfphd,13
afwmdlgnzohivkt,fdcasgrxkewiojl,87
tglvdkpyxwmacri,vuoskpxbtnhldyq,99
wujhanltombzcfv,rwhjuxfdcnsgvlb,35
coketvnxhjimlqr,kixdohlgjbfuyec,26
tqjkxmwfzngcalp,byksjwqunorpfcz,51
aexgqowylcnirth,joxlhgkuiqpfnyt,9
sczaedtgbmylhvr,kyjpcodmeitznsv,10
lqxhswyujacvpbt,zaxvhmjydgcuntf,39
oqfbwmgvnphkicx,uapofbmlksetvrx,62
uthngwbikvpeoyl,wjpyfobikvdnqhr,37
afvsubdcwijphlo,hxekcwlysnribdf,8
suxabqdtyhigpzl,vdsahncrqjolbme,30
ujvlgdokaifcnzm,qezrldbockvxnha,71
pntyursjfqeaxoi,orahfqspvngkdml,93
sqfkibrctwaylnx,pkeugwvtascomfj,99
xpfecvdnoqbhszr,fxznhlktaqgdswi,46
gbtunjoaqxivzhe,lvrmceypnkdhbzq,8
ojmftbcyxkhdeln,ruvjxnklcaiesyf,3
ozyvjwkfdegubpq,nxpmcqlhjzsbedy,48
xucnawepltviyqz,pqgdtwhxnrbfsmj,53
rbiokgtvuclmqjw,eujbkcodgfqiswn,56
ochwlunzkjvgxyt,bmqpwtsdcjafvyz,3
ohlnbjicpesrxuq,xbrkoyijhucnemd,56
kaxzhwfbdejycur,zdmgavnbhyupsjf,40
uktphfbedwqvjgr,tzpfxagbwysuenr,83
yncbaqhoidmlstg,kfezcnyuwlshxgt,32
fmqnahysidrgxej,qwngslifuvdjxzr,33
egtfdxwnmcsiylj,muwyfxcrdhvjkbp,85
nyzpogbxadfuhki,jvwqtebzhgkslfd,62
kehlosxqpfzndcw,lfwxubakqhvsncm,79
pnulorezkbqcdaj,ebzwcmpkrqlxnfj,41
xbncysgizjvfdrq,qwrgnusyixbovdz,89
njvbcowuteqifgh,aosdtphlqjkvznu,74
kayfgpjhcoiwbet,qsmfrkpwoxldvay,26
gqxekpzuyiojcsf,zmsvekjnacwrbyu,41
haudejlipmwfvyb,zsnirbakgjphdce,34
geyhmpdoljvfnuw,pqsybrecanvzujg,7
dultmgnhzpysoai,uvikjqafwmthxbg,10
qkeyujzomscabxv,qfoasepukdmhlnc,19
geqawbsrklzyhtp,xzjnmpiqtgdwfub,24
wmzfsklhynutcdo,avoxefsdynqpzmj,25
pqjdewvxyufbgma,njopsvbulricted,6
riylmsobvfxaeqj,hdwpgebxtinuofc,38
mqljbuekfgwtxsv,yjmscfipglhdnqr,52
dqbmkucygasljwf,eyusgkrclaiqhpw,28
kodjubyczwishta,hbeyuxqkosrtgam,18
ixejnwrdsukatbm,uywhizpjvqldfmr,31
dkflhzmuipbawyg,bqkvijmegzpnxst,92
nqfliyomspxuwdh,kuhfdljcwoasimg,9
ikutwchfjsrxvmq,fowqlpbsecyunxr,23
kdrvmisatcjuwpf,djyzcetvrosfbxi,46
noucjxekmyrzita,byuehlarvncowdq,47
qsxncaewigfhmlu,hcesqmoipbjzgul,86
idxjgatsbzlrnqc,rbeohaxgmitzysn,41
uxrwgsyhbztlmfo,ekmarqcwsdlzgoh,18
rzckalouivdwqem,xojbmspcyfaztuh,93
xkdqhympcrlegbu,xmtzrngkydblaio,53
ampbuthyoqdvfwc,lzwfmnrvhtbisuy,86
almeuhycxizpqor,gcilefhwtnbkdvr,27
dmegovkjrzyxtql,ralsoguhyvjxpme,86
tchwqpoyjgikebx,nsgfdaiwcyotxvk,66
ambhtgxnrewuzfd,nixjkdqpwrfbyev,90
fdpbunzkisgmhtx,otrndlpqjcusemk,81
vlcpadnoyursqbw,sfdbipyamgktqvw,93
rmxdfutspkavjeq,bnuomxavhqezjig,46
rxqosgmtuvcneil,ljservbmkocwqnx,75
xeljnchrqkgupvs,brhpwlxeyiotkjf,71
ftcnmxilsyezadq,mkgexnrdhybsoaf,77
enwhzsftqpkliug,bapcrfohijvyxlk,7
meatiqpsgyxkhdc,kgltfxzyhqvijbd,50
crjqhvbenfimdly,poeysrlcnufmgwt,20
otfgkjzeulsbmpd,xspnzhkvfbaowqe,61
mzkbjpurhxsenqa,gutfqnwkibrljcp,91
pzrvfusxeymdjtg,bnxhqgvfsjaydpt,28
ayqemfzshjwdxgb,joxdgynvthmspwq,62
hmkorlzxnpjiubd,jzwsbierlynpcdq,64
zpftcbalyeihsmd,kmhebcxvlzsuqir,90
rzwnqtvjxoldieh,xtugyvnrejiwdoq,57
hruvmqtenlxkifd,zcwanteihjfgmys,58
ncgmrpzuhwoiyxv,waxqduhgktbrzmi,46
vbraqxoucwfsleh,stlufqjizhwkrea,47
sdmrwihnbecxuqa,wkzesavqcugtfop,79
nrpeoujcvfxahsi,kcabxfshrptzldv,95
ksbzncegtwvpuay,xzcfequihbknmdt,23
gealzhijysuovkt,mxrseihfjvtlqzy,94
nirmjhcsudztbof,qvzapdfjmxrhiyl,64
deanorxsimcgpbw,mdnztwfxhriucps,42
teyhkpqcwlbxfgr,jqcstzaingvwkdy,80
xcybjknszgwhval,whgoytnjkiadrbf,23
cwltdifpuerayqb,wmjzaygspihrfev,95
avfikndhmtyprqz,uvdyfmwztsbploh,14
zwxfvpinmqkjyge,hdfmwkcsgavnlti,96
oixueplzngyartk,torvysxcqnwdzuf,60
kwfopjrvzyidtcg,dsotyuhxemgrpla,95
tzmbylfishagnvo,xlytmudsgojwcrq,64
ouidnxwkvtzpbha,qnmuadgpyivohwx,5
rnkwsmgtaioyjzx,gmaxdbferwyiptn,88
owscpegxnbmfdyt,qbnahekudpvsomz,56
dfrhvotusngeimy,pszvxckeylwmabu,94
xqvujhzklfaetbw,xibtcakuoflmepy,88
kqgredjctfazyvp,znupdjiqxebrhwy,82
cwltvnqjhidebfr,nfhmscwpldrqekb,41
uchzqsydwinrkbx,ewdgaxlmfrvphyc,41
wgnulasyvxitjpz,htviflakjuycrmb,59
wurlovnqfhepixk,glybhpermacidwq,59
voumrnhycfadlgx,zpulfvqogthbdxa,38
ryovmjupblxfghc,qpdhbjrwxzkuyfo,58
whvfslcnagdrioy,swlroyukagmxijp,98
yenibvsfhwoupza,fdoylacuiwpkzeh,27
qljctzxrmhiadns,ldowyeiznvuhqma,24
reijsafonxmltzq,ixawqulgjpyoemt,29
tyjxfdgsvkuweli,jydkfzswuamxqoe,25
ajitvegsmunwcqz,nhlwyszkmxjovre,36
gyiudshzqecrvkp,kwzhfntevlisbrm,72
vlmzuthjyqadcir,roxdhwpsangeiku,56
alwjezrofnspuyc,itnjqlhurezmkdg,3
vrphnxkgyqscjme,dznptyqvbeguosk,9
ohcjtbksflgarux,dstlywaqurkjpgh,54
xgbqlvkmfuewopd,ymfurilbwvsohqp,3
mswuhfricandljx,vcdniatkgljsbrw,77
qiacpytwnxvmbof,lhboyxkznqaevum,52
ghwpnetosiyzauq,gotfsrzhixkclep,39
eajtgfwbxrduhkv,dlpbhrakneygxuv,63
xskiydbuzlowvga,gwlnzyebhxiumar,79
bkjvfmzwiqoyrng,nkleczywjitvomx,36
hwdugfejvzknatr,fbetizjqxpvolac,69
puvlamhoejcnszw,ipbvsylrocmgknf,79
tavipshxkgmyqbo,obxswhdjikcture,6
oyfihgsknujzrlx,vkxnczrysgowuqj,28
ukgdxrbcishqeta,bsrxyjmztcfqewg,11
mceupvdzfbqriwj,uyknvrofalwzsgt,78
igvxcldtmbfuzwh,dxyerwvqaofglih,63
bgkqdmfsplutwvh,ekzjtgiyfaowrbd,4
fyngwmrilesodzp,ibywqchrjosvxzp,87
lknoeaiqjzrumtx,mdghynifrabwqcx,79
bxodljgrsayzekv,kfhqiezgrnamsbx,56
irvkgoyzeqbpxdh,kmbrsftdeuxlzyv,50
xtymgrliwchbnko,fdnkurcyqsjaehm,39
fborjshkqlnzape,thfjvosaeuydpwb,85
ugdoczafkvbpjtr,cqmzohdxvnleaiu,63
vkypirustgfhnme,vkjmcteriunxbaw,36
xvehdgpalfkbsjt,wzqdghkloujsiaf,37
wzneytauvkgsdol,ympaoznlbxivjtr,24
rwoaunqzlepijmf,dkxniblyemjufpa,21
frkyquagzjohwmd,xajrobhcseumgqd,60
qbsvgwyjpfcmroh,tfnljvzmpwieoqc,38
funtezcoyamjrqk,oiwxetuyfahkndb,64
xguqkfjebhtozil,gxlqtcdsehfizkm,45
ejfqkpacuxsvgoh,yvxbsjhniglfmaq,88
hgjnovwxkidycur,mzhwbxjsetvidoy,51
qbrufixdwacnphm,plcswaiqdveuhko,94
wzxqcfvpjtmrusb,zisebpugqtjlcrf,18
sunczqxikgthdam,nzjhyrsfabgvlko,27
agxzyksnbpefhco,cvkrbfupwqhgdjt,71
acnlkmgjrqueozh,dyvwxoftauhnzgr,85
linmtrdujsehqgx,bwqejdafiuylksv,18
cwmdvfypuzrthao,jwdlpcbafgnuzkt,74
iqdflzmwnyjukbs,udbaexqvorlpfsi,21
leqdivkmfbgyzpx,wlmuxtqfrvyhaoc,57
brnmeyduliwsjfg,albcudrhintmwse,51
vysauxcomidprkj,mgakqzospcxlnhi,4
nkuvqwimrhzlypg,fguyombknaizlhr,98
xutpkmzviojndsl,talisxhgbzunfoe,63
ifbhdmjauxplsvt,iwzvhtymqucgfjl,11
vtdmoiqyewgkxsb,qyscrxtoidlubfm,27
nispzqmujevaryg,drntlbqkcvomyix,66
ulxcaemvzyknqhi,lkcnaomxujgysrd,74
pzjeiwnfqrblgyh,xolperiwdjqmkgb,32
gfopjukymvrlxwi,guaycebphslrjwf,17
rxtphswfayuqgej,fuxkylbnqgaepoz,85
hkzdstvrupeawyq,gpbvfcyrmtqwdnj,21
milpvxntzjahdrs,ianozvsfkxrygpj,3
fyiulmnbawvrtsz,uaiwoslcptnbjyx,15
lkqwgnxhasrdvte,wdvizumhgfbrltk,64
awbpkmqicuthnol,idebwtzjsqcxfma,82
wtpxhzqvckdmrul,rwyemvjhxnkdtzp,39
wsizaupkhmnrcdo,hzpsrlqnciodbja,80
jhfzripbktaeywo,otcapzgjfkrilnq,80
jwtsoxlnzkgphrv,hadrnegmlcjsuzx,69
agobncxieywluhj,romhbivsatdfzyk,85
cjiexhprwfbgknq,fahujzlwvsingbr,60
ifaovngblqhzjwd,dyhfztxolusimqc,78
jtpuobfznvsalhy,pjzrglydmwxibef,35
jhgvpcnywodstxq,xmblwfazyuvipok,51
agvmdqwspleyjoh,bxafwrnmqgkcolt,83
zgwdljacuinestm,wbtrphyeodzgclj,97
xmjvlcpbfzaikdu,lybpweqkauorjhf,77
uhbsmfjwlqzoyrk,csabofvryjkdwgp,74
wklxguehnstjrzv,mqlvprbyzhxdatf,91
xkrsdtozbeqjunf,qnwbmfzyviduasr,12
lcpexudnkhvzgwi,btrwlyceaihoqfg,6
surhytvmcepknqa,spbqkmihuvjocwg,60
hjzlqtnikscwvgf,prcxhiwgsqeyzbu,1
btyfngckadmqveo,cnmhxfgwkdrvzsa,30
vzgbrjlwhtkueoa,wlusnraecqvdpjx,57
woebluyjzhvtkds,ofxpvjlmaetzrnw,77
dtyfuowhsbglkvm,bdakogryvfipmxj,99
tqygjbkedahmocf,kzjelyoiuhvawsb,60
aqlpdxjkoyrfcsi,tmznyleogfpujsk,91
mgkzeqjvtrhupdx,tpucvwizyalxjdq,32
fejswzdnpkchrlo,pmitknfgyvsdjwo,89
rcklfpjabgusiwh,wlzdunbjpmyhqoe,58
iqmjwaohftydesk,oidjhaukmeysxpq,71
phqvndizekwugco,bgoptmuzxacskwr,64
ludftzwyihoxsep,gnbcysfozdhmeia,80
nbotlhweyjxpmig,azfxtelbwjrvohn,63
uovgclbqsdarfth,ukrbotgpiewxycn,21
efwbghsziympaol,kyxibljcntpgwrf,49
qorniaypwxjvehl,gouiajetmwnfbhx,41
lfycbtmijaqgdsx,uajtriovxeyfkln,58
yewntdxzjikbmap,xajmcvysghfqkbp,23
wjuqxftgozrdlsm,dlrzqbkepjfvmhg,92
nlbcethguipwyaq,rsuqgbepycaozfv,10
xmwbfvprgskyzti,kjombrsnfdyaech,39
qigayfnbuxkpmtj,wesbnzyudlpvgio,51
fbjaycegpiodzqm,hygxepafzcidktu,83
lkshevofpbtrgud,wpvrclmgdyobhnt,51
acbfvkhprtimjws,qftpnhzodvsckrm,60
ckfsiojmwxadpge,ovsfkzbtupnilym,2
oifvtslenqzagrp,jxlnhiukbarypqs,12
uhdzqeyrwtiaxov,bxnezfkojilasyh,98
nxezwyrtasiqlvg,baczvfsoxwqlugy,98
vcgnxqtsibofeld,vuompdkebwtzycf,38
hyambwoclgqudfs,cgtvfyurszhqabn,50
zwhyuxgoabvrcjs,skuftwvedjxazmh,35
fuiewdzvmlrogxj,fhxydgnjlupkcws,20
ykrclinmzbvuxad,xoukjtwsvhqcrpm,41
cbyxldjhqrfkogi,plyusmdatnwcrjx,35
ndsyckrfmtajxbp,zohbuxelvdmiqjs,72
slfwtzxmpkheqia,hytqkueigzcjsfl,26
dxmwhygalbzoenj,zogybmejtcdphfa,76
ikonhscupeqdwly,nlmaeoytxdfpuwz,62
qjohvdugarcnwyl,xmlfhcyqpaviubn,52
jcnvwqpalduryok,jtdybngzuervpkm,73
ktvlxcuzbyhegwd,sycfpvdomjtlbxz,26
apxzqjikbmcgdvu,redpfcvmiyhzlwg,36
toinvsmbfjxhgpw,hitupxrqmyzfeng,66
cahboktlvdewujr,ymetldforixzujv,39
eagwborkmycdztv,jtybkwpmcranvfq,7
hzaogjbmvpnltkf,bjfiovkuztlqxmn,16
vbgzwquxysnmhop,pitjozyfxebwnmh,17
xfqklhpsbgmdciw,ohlexrdgpunztcq,16
juknbsetlfrgcoz,fibmhgujrdwpqay,4
yxugdhemvkoacpt,twgrnkjyafusleo,89
wdbmvskxceznplt,alcyxoujnewhbqt,85
fvghlbioetpcsju,hljpomtfigabrwx,39
dseypiogmcwnzrt,hszxmwcivyutlpg,21
pienbxfmzraulos,dbtvsuigcrepzaj,4
kfciypsnwtumjvb,naxqokdtszemrcf,41
jvkfwbcatyqsdou,pextisucdfovkrm,13
dbjyacuitlqskzp,rsqobfhzvictaxm,89
mcneqlogtpizxak,iaytomgvrhwnsbx,95
xkwiuysqlcdznrh,hiqgzterfcubxjp,38
odutigakzjhvsmx,xwhsyreivponcgl,27
mfupcqgronysivx,lxekvugotmifzsr,68
jnuyfackszhergl,whevlagqfxbkujc,33
qrnugjcifvyxewt,fgmyhexrqwpovsk,5
czourmywndbfiaj,abkqdrwecushjmo,18
ipjgklsxvqdnweo,tfymhovelwrqgck,90
vbfgkpjhqrzceld,gfopkqvstuwmiyj,94
aztohwiuxqgcrjl,hpbcxfrmwdezait,57
lwoyxbsehqtmcuv,ugmbrizhknwqloe,17
jlpfkiqbdxwaemo,bmdoktsfhzijgar,29
vpiltwgekrumxna,edsbjumhzaqwtlr,71
pvlotwhzayusbmi,prfvctwekxhzaob,27
kzyucqrojxphglf,wyebojldurqmsga,38
cekipybvqhnwuft,avjwsudcthkelrx,28
trgsixqunzfcjbm,ryjlqmxiufaptkw,56
sprcqjlbtdnizgh,wesuvjatrbdkpnc,18
aydjelmiuscprkn,azygehqfpwktmsd,14
ewyfautogzqbxjs,zciybvxoflnauqd,92
spxbtzwvnguqfla,fpreixhqngsdbwm,76
gucmfiknxhajysl,vularqxznwmydfs,42
cihxuvwfmqpjbsg,jrmcstufzneywia,12
ehykfsinuqcgwvt,pyirzsqadjchoet,4
akoxrjgfupistne,eymprzxhcglqnof,35
udhganoeqyzjxiw,jbngompasfrcwtz,49
vduopacqylxkimj,vlwgnkoeifympdb,8
iqfhgeymaxrwblk,jnixuvycpewfqhk,64
uiqskjmlotnavcr,pytszhamxjnkrli,27
pmjzuwciqefoldr,zenifcgxbpjdmlh,96
qkstlnacixwuzvd,fervqndjucaityx,77
rfyqjtwcislzkvx,nvdspiurfawjbmh,37
nipsrzkyvqatoej,uemzpvocdakqilf,12
kzhiugbxcvqfwno,soagbjtwunzdlev,8
toiqkhvmearcfzb,kfaywhixncqeurj,89
txycjqvoernwbzl,rjfcpvokbizmxtu,15
gwnflusrhcvtpqm,lpngvjcuiyfbqhs,84
vrsztxfecngpwyl,nrewumaspdizlkg,15
speroufqdcbyknm,nptwzmjdoqxvbar,62
ngmbzpqrcafdosj,qvycsfrbmhxpwzk,77
urpjsmdgokwanlx,vljznkoeymiguqr,40
ujyscrzbpvkhoqf,sztavunjydgfkxc,23
grauhxynwdqbpek,ospbmnwaulijrdq,30
cfqoukwplydhjvg,ofapjhiwxrzcbgu,22
dgxtynobweafclj,oypgqeiaxtcmjvl,48
bhmwtifgdlqzvpa,kfnzgplwobtcvhj,60
bxwineqvdgyrmhl,cdmpvreftnxbygw,98
qodjgiuncatsrem,vzcokdnmqxytipw,10
gqtdwekuslrbhvi,lsazifcenrwoxkq,48
ozsfhrltqmcjduw,klaxsngiqrfopdt,56
ohnwfvatckmlyir,rkiuzlwvbjxmhse,87
pnlvjazrfgkiehm,yfnmijwrhsulokb,64
pegrvxhtdykwmsu,lwdujyoxhvbqrge,75
urcivpmqfldoyha,klnxvhuyzpaifte,74
oxgvyksfjeqdbmz,ngzexkvwilrjcpm,50
gmevspqionwycua,njrqmatxskhziey,50
unpvfgjqsdetcbm,fcrkwstxqzhnypd,67
oncqythgpwdjvki,jdxhipbvtyuzlwf,48
gurqetsvkzwhyaf,twzsybinflrmdjg,23
pqfkelimszcnvwo,hcqumdxtepansgw,63
tsrmejdnoxyuwhb,tpevdmlfrhanjwi,84
rqczvhsiatuybxo,gisaoxjpykruqhw,56
uokrnvbcsfjwqlp,zhbmeotvsgcpiql,5
rtazfxwpibolejy,frwdatyjosnzgxv,72
cugrszpjwdktoqn,gwotyevxajrbqnm,25
cbzoidrtwgaxkqe,yitglmuqwrdazhc,49
izulnkmsaexwryp,ubymwhfndexpzql,10
mspbwfgxzarqyte,ntuzsdaprmwyqvb,68
rjleahpyvxftwbu,qskuyadlpjiotnh,3
urglwajipsctemn,kcubhneptsxgyoq,26
zvpxsgmihnwaelf,rmdefnlvqhbixzo,88
wrkdzuvcqjxpaiy,yriegpkdmaljqvs,74
ycigtukebrfphad,woetqgmvyhpcldj,77
ytcpsiqhgxnfvaz,wrcaufjgeqspbdh,16
xpsdilbwtzoacjg,zhgkprqifyaxjwd,59
epawqroixknmguf,zlfoujhxynvpmrb,29
jklaimocwrzestq,gjevmqsxbuzpwdy,20
azntpkoudyebwfh,fadevuqwrcjyxpi,28
ikyeodcvwqmtspz,nshputwgexfjibq,57
cfbwjdnuvztxhkl,bdjtzvceynqlfsu,6
orwskepnvmidacl,abcxsrzudlovtfi,75
qreyvikthzosmbw,ipvbzwlxsqtgckr,80
gopjwyfzxsqnmra,tgxbrancpdmwyqo,57
jvwhlcyaqupreok,axbjovmeyriktfw,21
exicvjrpkomnwal,waenxydhtrjfkub,64
yldsvpghrmtwnzi,frvwjgbxcpauisl,45
bimpqryxvcelsuh,vyfibcaomseqkzp,57
owbeysxiatrdpkq,czyouxkqgpivner,33
rxwpkujgfdqmceh,ewtciybljadpmog,75
hjzamolertgiwqs,fncpbvtohywqiex,15
vuxdetalsckzqny,hpzyvqiwaftxbcn,43
tdynsvchkbxwope,mbdoqxcjgatwuli,47
cgxtudnpzfsbqyi,mdfcshvgiybxuak,3
izrewbtvpgkqmah,hkyjcwdeiqnutgp,74
zlkomnvqhdwefcp,xvticrskbmdfylg,15
phoinlrxmedvwkz,coqtkzjdnsyhriu,22
xnisdpfegwualyk,fwugrpxvaeqokmt,44
wepvtskjxacioyr,kmtoxynzacsuwig,40
eltqyinaxrsmpfw,otdkxahjimsqgpf,53
xfjkvizbmyshlwr,trvjpuchbqxnyzg,28
ewcmyosukjfvgia,hzmnvpirwjcdaoq,76
iwodgplabtxjusy,qumlwykagjhxtnv,50
iqtxcjuvoweanpl,qovlaidfmjnxhcp,26
ozqfkiylujsbgcn,xydofkwnmbprqhz,28
ixuhdblzrgftcvs,ecdxwriznfmthkq,68
ilntyxjhfaewsgz,fjyrlbxqdizcphv,34
svbehpjoqlimuay,ungbljasmiokcep,27
uyqnepstcfklagz,wbmecuvzxanjrok,66
jtkfwedzgsivbla,qjkmzsunlaicdvb,95
qcylhofbamxtuge,rhvmkufyawzqbne,49
zxenbdojiamrqsg,vflwkhqygezmtij,24
oztaxmhidrnjpbl,vjosdulyrafqihm,23
rpaumsnoxjqfywt,honlewickbjazgy,18
pzovilwuaykndhs,nhuvswcorzbiaxf,50
uksoxpizblhewvy,ruswatndexpmhkv,80
ynxjkshgibovamu,azdnmcktruiypgv,41
ukbhxvldipgsymq,uszkrmpexvocygn,25
dtkxnlzpjymqgsi,bctulmdkrjqopfa,91
ksdxagzwuribjvm,wvslmeixgctkujh,59
dnyjtlsoxikcemb,iaobehdumqrcjtx,52
zvycxfbdkuilhos,qzpuwjkhflgdeox,7
filhasygjoxpqeb,xzrkgbmfotelqpw,4
itzoxrjgdbvncsk,qayusltcvxdnrpg,66
vapkqgmehzlcbyn,jhgxesczovnquki,67
lrgtivdbhqkomwa,ktvgaeibfwcolmq,17
vctloemwfxurbkd,eakymopfxvjrwzt,78
wuprxlyesfcqamo,fdzrwepymkqjubc,89
yjeiwasfqblumkv,mfrshzbedcyoqnp,92
rzeiunfkpjbwyga,aiouwkdqzpbvynh,28
wbdirklnyuohcje,lehczpjwogfsukd,32
lsygvaijnwuxzqb,iunqajlhpworgxz,50
ozwxvtfjcslpbmr,andferpgbiyhmqv,25
xthpgfucowsydvn,eguhzsbqdjpfwyr,19
zeigotwdfncrmuv,juydrnobzsxmlgf,74
khrfuswlgavtjne,nkmyahosgvtfbrp,25
gcdihyeanuxkojp,ukmohdfagrtywej,71
kanslbqdhizgrjm,rjmhevdtwcaouzs,55
djnvpicqmetaygk,pswarumcftjkiqv,13
dshkepvgwyzoiqj,ochzqbnlmytxdwk,54
nuplyxocavriegz,ztmbinwlsykdhpc,87
icakmvqyhltrwjb,bwegjrvnkysiduz,12
ipejlnhwdosgrzf,ukoslxzewmnqrhv,64
jxzrkluvginphoe,cwjezylfkrdpgqm,70
kylgexpvjbzadmw,gmcbdxwjytvkrqn,16
adsovjhzxpcyurk,exunsvkoqbamgyp,58
vgumstechbyrozl,spcdtievzrmjgay,65
jsoqzpegvnublif,vtdmqkczpoweaxr,45
mjrhifvsdzxloeg,bqytjoxivksrhwd,84
ltrmvqjozfpnexi,hnuetaqbsgocpmj,81
gqztfxuowyadejl,lgdacizvqhuonjk,25
ecapwsljhtovunq,wdribhczjlgvetk,38
qiozurgmwxylden,uzjgnraodhcsqix,91
qwlevinyoxfbmkg,wtboynzduvirjea,3
ybasetgmiqrpuow,vjwpzuslgbknfdx,86
sqikrlyhdpvoujc,wxykjfualirgsqh,51
fqnapbzhuyrjgvx,quobtpdfajmenil,81
pxcqdoytzmaushr,caqidlnxgjtkfyb,96
blntpsojvxdqrgw,xcynmjdepsaiozr,45
wrhylstvcxifkqb,hfopqmtkjxyvwir,49
yiplxfmobvdgzue,zxqlknrsthjwifp,98
dseqgxnfrwoimlp,entvqayfdwjzuks,74
rtwdxlcvesgjhab,jkhqlnfvbzsaeti,59
lxsoadbgrczihky,niytwzmospdvfxu,80
nywgrovqzjximeu,ysqcrzhmfvaudtl,27
ljxwdigbnqzektm,qzjhpvldyoergbk,1
musywraznjbocet,inapoysbqdjzlgv,78
pyztwjbrfqhcseo,ozuyqftvhnmjlda,53
xkqstwcvznpjfem,icgyjtuqwzdvkmh,66
jvfwrtigqcudkao,cztbviahouxgkls,43
pcmxwsnvjzkeltb,yldfptgoxvwikse,65
qihmxvzdabgupto,npaczqwthryxkos,83
qwifaclpzuxkhrv,lmizvhsyopjfwac,56
laqimdnwfsgrbzy,euhbrfjyzmckpvs,8
pdmuhzfknjrtvoq,mtcdszgibjlofna,10
hvlzfskexyuptrj,otnpqhxifmrskvb,72
fhdzejsgcwmupiv,elbzjtrfqiuykpa,38
cfwyatvjlidskgz,dkulcfmbgqhjepo,10
nyoflspvrcxbdht,tarielphswdmfkb,10
sqewmlznuidpkfv,lhrtpgbfcwniqxs,36
pltivyrdqsaufbj,qtcbrsiofpjlhum,45
knarwxbhtdpfgqs,ndguwbetosirvjh,89
evctsyogmljfuhx,wkgmqjzinshvfbx,29
rlbkaqvozhdtxei,glydfunbxsrtevm,43
wdsvkozyertifhx,jfsopqxhyblvnwu,56
tmrojusbginqekv,hdjgiytnxswckbv,43
qfkvewonlmrbtxu,xznysgqabmolctj,92
ageixsrbnfkdwjt,ozmuantbksfvdrp,60
rhvxiqzbetuycko,axslqbngjdorhiv,84
tyjkzebxvinqclr,tuaogqkdrwhiemz,97
jvagszhkpfrmuti,bfzhgvtuxmilknw,55
hzvatxicdnlmqfe,qblpksmxahzjcwd,70
tblpxgokewzymus,mhavnjwkdgfectx,38
cuiofrdqjpkxtye,fcjnutgybwmldpi,82
crutybpoqalmgfw,bkdxqwisenfogaz,64
umbfjkygqoxaien,thufdinxjsoblya,68
tagiypkmecxzunl,ohvmyjzdusncxfe,48
hmxubwjlyvisorp,litzbmnqsdgwvpr,5
zusdvnrlhigykcp,igsatjhpvurqxcy,35
euxplihowqvzkma,qrzwjinxealpvkd,80
glpzjsainektdqo,iqulpcmrnfswxde,60
wyoflqjvbnckgzp,fouwnpmiyqteaxg,36
mkponezjlywdcui,ohwtefjzgpbrukl,10
jdeclwuaphnfsiq,nlgfaztcdrpyebo,99
byxmeontivpkjuw,phcezgftvajswqu,9
ksdhefrgxlwuoap,jwyvznqogdmckfu,79
dyijukqlsrxehaz,tdchwaslkzrvfgj,33
aircemgowfjtlsb,ghekrbtvjpicyow,54
sdcoawxgmzpqyku,qbxcfpsknyvrmei,57
fvnpcuioersmbjq,yqluhijmoedzarc,27
mjrhyieutsfkopx,ehxujfqyiwzrksp,86
yqzntadsrlmxkpw,fvgqbemixlcuazp,2
wpnfrkuxqlzvboy,tiqxlyrkndebjcu,25
vqkhycawxrenoim,uxkepdvtisbqwnz,91
dlzphfeojvwyntk,ydizncpbuwlskqj,12
vrhnbueptgfyaji,cpynamhlqoisfbu,37
vsflyukmqhpxegt,nsvufxtypgbohqj,97
ldjywpczagurqmn,ahpvoxyfsrieknb,84
iragtlvjusfhcob,oaigmezwrlcqndu,36
peuxvwoylabsihk,ozwxstuvijecrdm,24
zpxlfivmgjknywq,sfyrnbutpjzqlei,79
fjgrcvspyhliwte,pseojbruqvcdlgy,7
odxhpeuntqibwrm,wagjmsrozxpqtif,92
qzlmcnxuyhkawtg,dutqeboknzpxjcv,72
bwiqejmhxaocftv,aqbjofsnlctgdek,90
grixujpfoqytalb,huweivmqlsproaz,49
cvnlzftbdraywqm,omtjlyhxbqaeksi,26
rfqnwmeasycoidz,rnmobgtjfuiqvxp,58
lwzxerfvugsqacp,mdxeifjpklyczog,21
psrfwejakugolhv,wspiqkhtzxmlyag,72
eigcumhvlxoanby,bzgfxqvlatrmpen,64
lcydkjtrgnwubsq,atuliksebxpcvwo,69
tdcxvhligjpbonw,nyxhjdquerbimlw,44
tdrnzxiembvkgja,xaogvejrqhpwfsl,30
cywjxuhngoabzts,rbwfxauyjimhcpz,27
pbarvketqjiwumf,efcrxmbhqgtavpw,70
fystmcwqvjxpune,lyaoufmvetwbnqp,75
olncmjvuwzkrgxe,afgijsptlmkhbvc,85
xolyrdnkumqzwca,gpdrwqyombicjhn,94
bcpgsazxdumvqfn,tswivpbqzgdujml,8
qvphkoxamtdbigl,vxnkgslfqwradjp,34
wskzliudvqbjoxf,smxctlvhbqunrja,36
apobgmlyrzqcfjw,fokdqncxesuhijy,45
ztgxhwvfcdrieoa,ynuajgmsqrhckzd,7
tflekpzhcobsiyj,lpxyrviukdgomwb,13
xbdowzuievhkrfn,vsezmfnquawdlig,97
rmkgvebdajuthys,pzftylnvqghebmi,86
yeplgbzkfqmwurh,darczqmubknhglv,39
zovrdjntxufywcm,ypgwucnoxkflmiq,76
kbnzjmfeprlgdhu,txlupvnkfsjreyd,84
xmydhztgikqpeba,ihuaqnspmtzwfrx,32
cyduqkexgapzfvw,hnugrtyzevdjkqb,45
jaynxwisblumeqv,apcbzejodgvwqxs,61
robfgkewnpzuqts,emxydkbqflntriw,66
vxymudwfhklzecr,dszrmxnchibjpvl,68
xmrpblendwqhauf,iwfurksqbcethnp,69
iqcarpynexjwgdh,hrjstmizfwkxlue,67
pzmhwkibvgldecn,sjdpfzlhngtorka,89
iktcrbvzoumjnpq,ofkvxjbychrtwqi,43
dytakmxejhbspor,jupovhwetlzcfny,34
avsgxopbymwqdjt,zjowbqmdyvitush,1
gqteinzxkhljduc,qetajvupgnihcms,11
gstjqylxmbhunpa,hxmnskowyqfcdta,36
vqopsebjcmtiakf,yhnksocgrdblweu,99
gxnmwizuqrakypc,injyskwhqfxcdov,74
pucasqmfxtlnjek,hyfkdpsxvjacwzu,80
swhykzjprfxgtcl,rlowkfxadbjgzpu,82
yequhjnxvkiafrt,xsyopwfzjnhvdlc,73
njibptydhrcaoxe,zquaxevwhosgitd,18
vbqesocytrnzipk,rhasniwkyfcjgmt,12
xdfgmvheuzasjoq,xqwchuesntrplfi,33
tvzldncfpgysqmb,drbenwysgjiplmq,24
iylngfpxzkhojdw,zoekfmgvxbnqpcw,14
pbmwxvnfclgasoz,qnlgktyfjxmdviu,90
ztxgpwfnveuybrj,cmaxlfoptdnvqwr,83
bnztekxfgrvqaol,mylcxqzewjidfrg,59
fitngzxrmsjydol,jwpdcmunfhvrgoq,9
ahdfpmvotsliczb,ydgiosqzubwehfm,82
yqkiarpnfzvdsgw,dykujmlzpexvnic,26
tcdxjgeryukmqzn,gqyzdicmtrolups,61
swxrpvqtilhyfzg,jqxudaztwshmvfr,16
unvhitjoemfwxrs,cbphivjtreglfma,76
ahopuvcnfkdietq,uxqteioymarkgdc,37
kdwfjxelphsazrc,avhmipngrwxbeyf,12
pxaiwgjdnmzsltc,gdpfwbijxuosmhl,10
sdwckajnbyoxmtp,fwtbpnedkgarvjl,73
alxiohtcuvbsfze,bngwkeuhsdlpocf,4
mifvngdajupyrcq,dqurjchzkswnlgx,82
pkjvmeqynwczdbl,zxqpdsykaucmetv,10
ecmodzyhtupsrjq,cjqydlsbzxfikvo,2
zwtdmrbjgfyophq,htzksbmpnfyliux,74
tfgwkoyjapclvub,aqzovmwuikyjfgh,80
zglwjfoyasihepv,jlopdybazvmwcen,65
shtygvorabljcxe,ntgwoujpiyqmhak,69
xpetcfwnqihsrmo,zdjhanickyxmovw,29
ksnvouemczpywfd,qelipounjrvfthb,8
ybfauelqstzrnok,zcvaixnlodwytue,20
gqtpndxuweyrbzl,tzwnekrcgvilhud,50
rivcuqphbtsayze,dxhzavyprofenbk,51
eyqsxzkobprmaji,vcsbinzmwftdayj,21
wszlmdhjrqufcxv,jmqexgzbkcwpfhd,32
dblsuknjqmxzvog,avlzmnkjgxiuwre,32
twdulekpziaxvyj,lobjtdhyifnczum,70
dbxrcnmpktziyqw,ntydzexqjwsvugc,90
yjpamkshirwfqtv,vtfdylozcupehqk,6
imqzvodjrwtnsap,kdfgzlqbuitjwac,12
doivhtxujblpmre,qbmresxpwlovyda,87
hkjgryqpsmtwxvo,casgefmqhbikpny,94
jlgtxwfbpmdesiv,kzrxitpcyehgjqb,3
hbjukeqdalosctx,cewhoantirsfqlk,70
czbgrenumfyjvsk,vkjisauptxznbrf,84
teygdhlqjufbxzc,qjsxwzlmpbtoedc,60
dckpaentxroihyu,ntpflhcewzkrvdm,11
sivkbzflnthpcew,irazwdxnbohjyug,5
mwchsgvuqyazfpj,bjludkoycgxqfea,59
aoyszxnreumcdhw,mwfbaijzrtdgpvx,47
mwiqgrpnatzdfvs,iueymvtcadpqbnx,23
qlwjpfbtzgxecoh,reokgwvnbzuyifh,60
gqxryumipzkvlna,wlphadobsmczjyt,92
paxnckyutvlhmwq,cughiewlybfkpdq,34
chteworajzdsgky,nuqjbiszkecwvdt,29
fxuzoitqcwnldyb,oashfynvjxlpkeg,57
dgawnkoryjitvhq,mfbyqzgvhknjcer,85
gjdknsbpreyczxa,mzswabncqrykdli,5
xcrvghdalfiytew,kulvsndgxrfbtwp,46
cuhpfzwbkqioget,chrmbwzstgpolkx,55
jdmecqvxouzabwp,oaxkjphdzmgclvi,20
vpszbtlhjcrqikd,njxsemwizbvgkct,94
cuirzkhxvtqdyle,ohynlpqswitumed,42
ladozmxvbyhjcng,gdeqblsjvxpchkw,55
ozsvulqnpwbeyfi,xhyikuzjnfemgaq,76
tgacebrdiljkmwx,tyqrszlucegdhpw,5
dovnwgythskrafq,mubckqsnofvjyil,90
aifklvwoqunjycg,ludhpynowmtrgza,70
ybvetgqzamndcfk,dwpyrjtugqvabxc,2
svdgkumrwfbnole,schpevtxbiwqron,32
iljgaxbcsuykfpe,uivqtxmgpeoswhf,36
lghnrvmazbfspqk,vujpeqmnikaywlf,50
bvlqwigmjusnfax,zxltwsvkopbhuyf,7
zemunvlarqtbxhg,vaoficxlbuwjgsd,19
hywqbzctmfxsnea,zkiorpcmlxgshjw,79
ohcgdupwvknzmsr,fsigbxoaqtnczvp,25
zmgvbihfaxsurty,lnfgcbjkosrvuqm,81
enguybrzatsmxlo,bjgkwrumcqvesop,68
omnsetakdgjwlzi,plgaijoeufdhwmk,22
ynqdibpthugzoks,zydjmnwublcaogp,8
kzmblxqruygcenv,tfvlxicedasyubj,80
mjafyosvgezikpl,udpvtxjyeoczfal,52
octlusgqxbpenfk,caijurfghdnzqwx,42
mtdcpjugzlowrxf,ikxpsqolhtbfeda,88
soxkfhliwrvtmeu,ybacpxujegwdkhl,62
yumoifdxcptvrsg,vgxodtumljpkehy,4
ycfupkgaexnlmir,tuflqeycwihdpxm,84
speuqmwlkcjvftx,qtaguxcfnjzkvwr,97
potwvfuqzdexlnr,lubxsycfmdtjpie,20
vorhulxjicsemqt,qjmibauwtesdfch,98
eobmzayrxwdhsfk,mbztlhjsycpafid,89
zkwuiymjxetsdnv,xdolhyjckuzmawt,98
ekpbcyrnfgtvumh,sflpjvhgmdyqiwn,76
bqrhkwuspjfmydc,mcfatwrinbspejq,32
lbypoqwcsxvantj,tfriozlamhsudbv,52
uhpxjtecqislvby,jfxhzbprluewcks,63
enytxjwrshqdlpm,eofbctuqlgxnmzy,46
wuxhdjcmnfaytqv,vhzjkfmwegotqru,18
vqmgznupytoekrc,vigarxhtmskbzlq,33
ovbilfqkzruwaxj,lbqsorukfiptawx,93
bropstkfuigzxea,qkgrjhzdoaxuyvp,52
bvyhsizkcdwpglu,wmlvciyurfnhepj,1
dkjpzvncqylarxw,spqodizvmwbyxut,2
mzlyujgrdibockq,ycadofgvzrepswx,25
tpizfbgylnxshoc,ejpmotzkvlwqarh,77
awvkihxoeuzgybr,qexhzmlasrkfnup,3
xzoeywfumqcrspg,zbynmardihqgsol,53
zqbvuxopscwtgaf,fnkzcpqjwmlrgdx,87
ofwmnktevqauhls,vjtfqirdoaxypzb,26
dxzfehtylmvrwuk,isdovknmybajcqp,62
mwxpkjnqaocgilz,sfrdxgelbjqziav,91
jdselirmvtyocnu,zbelrdoujpanxqh,74
tdnrumkpqgzscyj,rokyhmwavnftjcb,27
suvlhpfxcoemwzb,barcugzinemfwsd,38
xqstjebgrianocv,eyvzmnxbhcsqupi,42
zdihukosmnyvgap,edjyfgnuatbkopr,90
wmtgahfjlqpzeoi,kzftlhcxrjswpng,73
vjpgyutkieclmox,nxozwdlrmtegfch,97
kntudbcoliewfpy,voctfjxinghkles,15
glcupbqeomhwykt,tdgpkimxeujohbr,32
szoiqtbhyapgcdx,asovuhiepbdglwx,29
xrlfdqajsumcnhb,jocpyqxambuflsv,57
clnbskmhrxujfot,elqwsxczpmotuan,31
lniartjdmyhgzqo,cmvigjfwlrhoysa,53
aknmvfclrdypohu,vjpbsrtumiwcfgk,37
uxtakzvebncyjdq,vzujnxbyrekqphg,86
kcertinyzwofsdm,tzvmialnfuxrokp,21
kitnhlorwbsfuca,vzecanijlkudbyg,59
rkeldswnhqacfym,uxyocimeqpfgsrk,65
bgmkicfpodeazjq,bnfovewdsrzmlui,4
auebconxvfijmdp,qjfnpztkwchxlre,54
xvlsuyigbpjkaer,wvnguckjytpaexi,32
nzyabtuxswedmrg,tmanlqchkewvsdp,12
ainhbpytgxwfdvo,eflnvbdykozpric,42
eocwgulipmkjrsv,jishqgwmofzrypl,13
cxfauevbghowyrj,ywldxktiubfhzms,41
qctxmugfhndaekp,dsikgmcuopzwqxr,73
luerwoifmcdjkps,nvjbhtkqgywxlid,65
rgspqujecylhaif,mpzgwobkdtiancy,84
dsitzoyuvwrlfjg,aivfotnwkprqmdh,3
bkzhifvwrxsayeq,mncptsjiwqfruya,7
nrojfcqzhdsaekp,eoslzcrmdupxgyw,21
yokwerbvmguajzl,gpnmxlrcsyvhqae,15
wpyecibrlfomtag,bsvpxhtiyrfzekj,16
yxdbwtkgnhficvu,hvckobyjnimtwsl,13
kypfcxrinvdbjom,hmaotqcbeudrypj,61
athoricxzsjkmfy,hakotqrfdxwbjec,88
xbkghtqiadevonu,dxjltmyohnbsvpz,81
zvhomxasjcyurpe,pcngqsjbxdtimew,67
ysjgqtahuekzvbd,ilgasvexckowuqh,83
slrpzwecjkuvadt,pqrwahjeokdlxzv,22
idswjpetghvzcur,xvqbwejfzlhtgap,61
ghjyqbmzwdcvnil,zqeafigntcoburp,99
lxtfydocniwzehu,qfckeyuorgzhmxl,84
jchevybdizrosfm,xmkhlcydnrszfjp,76
nmdjruabwxhgfvs,tcnwqvhlugdxfre,98
adoyrizcwqpbxlv,yszxvdrgqakltif,55
jzlnkbfochyisat,uywiomtqcgvzfnb,82
cfdpzvuqimytesg,qungrjdamlxzspf,39
eujihfbdgknwmxq,vhsigcpojbkfmeq,15
lsrihtzupjnfqxk,qbyhdcolsixpntj,51
pnvmbfidculqrjy,rgxoqmwcuzsljtk,39
rqflszgyotekdcu,zxcdvfkwolhuyna,94
akoxefmywjupnvg,drpsguefwlvnhqb,89
zexpkrvhamwysqf,yrsdbukhmtvcfqg,20
anlupxqecjbghto,zfvmrnhckijaqdg,3
amwykbxfvsloecn,melsbowjxzikupn,55
vchylrwitedzuqa,bvayjrxdhnsiflt,67
vqfezxpsyhmtkad,setydimgzoxafqu,9
dbvwpguzecfrhls,ujtdroignpzsbvc,7
zmtqjhducsbaegx,uogcyeazshitbmd,15
mvtcxjfoineaghy,pgjbqxordkviatz,11
bfxhuocqepyznlj,pntuahqrowsyczg,11
yevfrapgcbhlwxj,cpjkvrfzhydbglq,80
wjymhcezbkudrsp,ibtqsajcxhldyum,30
vtrmdxogsewjiln,zxtpsrgwfvmidcb,64
faribewjsmgphcq,jkazfytupwsingc,9
nochbvtjqwgmlep,elaknghfjirmcty,3
xdhtugbmiaejkco,lftconewvkiaurq,53
xmkdunfetrysowj,tkgeaozyhnwvbps,89
wuslorjdnivhamx,fsxqokpehnlumdz,98
dzeafkwsjutvnqx,iwxdhlmqyzvsapj,37
cwytlvbzjaghrsf,uhkaitvqfoldrcg,7
iruhwynblpkgatj,jxtomizlqehcbkw,44
tcqoxjwhdmlsrvn,uhyfiepomlnbxwr,86
nlukrtpchwdbgvx,cxhumdzfebvplyr,52
xjbzkesqhrgnpcm,ircnglbqhdmaftu,6
nqctymopevubxji,htgcnjaxfmwbqul,78
pigqufjcvbkasny,saixfmqhgnkuowy,17
fezvglrbwcikqou,btiraegxnyhmcul,91
eijonvxsqrzdmbf,ujadlfrkxywtpmo,36
oyaezstxvdgjfuk,lasvtucopwydfhq,78
ctbfdrhjqlxukom,joenklpmwzutchi,49
dxohmfcbptqrgjn,ptqkfneigzcuvhs,49
qowmdaptivzsckg,slpdcotjeqbwfum,97
iqcloktbfnjzhsa,jswoaxdbfmthvcr,71
utspkeqnrjvyxaw,ezdifqbksvyhuwr,34
csawvjztpmhikln,mowrudngzcqkeli,69
pnmiscblodexrvw,gitbeyzphdarqku,35
inmlxeudkzwqpjf,pudtmnzybvhxesr,63
xfmlrajpezgktoy,raptgbqfmyecsid,90
oqtfxrzasmichnk,uheksanlmgpovbc,38
gfrjxolydbenmst,nfirzoaxmpuhtjd,96
kbjplhgvdcrxsei,qzudptljahgfmrk,55
idmrceanxfswtyj,nfxkwsplahimebo,86
ytpirgbuzqmokvn,xyscknfqvwozdeh,22
ehczrfvqnlwkgtx,dolxzjevnmcfbtg,67
adryoxqmiuzcthe,zxhvmkctbygpond,17
jitxmphunwarbsl,oqfehlgykixvctr,61
qufxvdkztejroms,fvaewiknhlrzqjs,59
jizcoehpkybvgns,hquekspdogwylza,6
qwkeozpsycvhdja,ydmxwcuezhtviqk,26
aqirytgzwbdnfoe,mjorvplsgzyfiqt,52
sbpgdrfqcomyjue,duzmevnhryaptqb,74
ucxyfwvlrhgzimq,medcihtsubnkxra,18
pjtbvraxonimcus,mbqswzyaxndcrpo,19
ysrpadnvxktfujm,omsydaqclzgtjvf,78
zxlokaqbwyndpem,ugefwkyvrhsantp,49
jlyhsctrnimevoz,kfujsaitghmexyc,99
yijrasdcuwntqzx,bspnytcujelromg,71
zlbpmxocuvtadrh,hyjmocbedruktvf,99
ipkvhdzaubqgwjc,oesqabcmnlkfixd,35
tlirmwudcajvxgs,msnqkjfztabexgp,39
trgdolvabzjinxw,kwpiatrbmhfvjyg,33
sriqjbeavkdnuxy,bcjwtdogquvhfkm,81
camwudirnglozqe,zkedwuchaqiyxts,81
pgdwbyxjsfrcikm,yzjrqkcbtgfwohi,19
bghnfmwdyeiruzp,cpfgsoivykxnajq,23
eslzwvukotxmcnh,ulczhobpgnmyakf,45
rosyunxpklqeatc,uxmboasjtydgerw,5
fxgpmkcavoihebq,wkunszvehbtaqom,8
acixroebktdwspu,qsmniepbkdctglv,51
ntxfzarcuehblks,pzbhknqjscglrov,23
sgipybwqfmdtzhv,fjdyakrxwvcmgzn,40
eqgxsldwmavnorb,eldunrjipbwqvcf,56
frgphdsnixluwca,eufbltvkqpsdojc,81
fmtwyxpheqijudr,wsbqdrfylvpxjko,37
tcidglpnvyzewqb,cbihklrvwnjgxdm,34
rbpmdyavqutsige,djouvcbihmqgkzw,62
ufsyemncoigrqhl,bvgcdtelhufxkmw,73
dorzcbfelthunyx,thvmucgseorfdzb,85
dxpqlzifncwyska,astlhqweoyxminv,64
wjhelksvbdgoztu,crzgbewkjlyvuat,34
mwrjycifxsepltg,hrduqezkxytmiaj,90
zjtgifclxpkebvs,vlkmftjxgedqnwr,27
ukybqxpmwfearsv,zsdqoknlyutfprw,73
sfpwkzuemgiqhtd,qfgtcuvjremnzis,12
eskmlwdnxporbvj,hmrwtgjxydnelzb,85
lmvbhgcsxjoekuf,npeurqvtiwzgoab,72
lxasfqnyvwtdjuk,xsavtpgbwqryolu,25
lefqovrjxsacpzi,lkiefwomnajsdbg,17
eigdxmpvubhwnjz,nyetvjifurabkcw,7
icawqsvbluoedmn,kfnluyqxivmaepz,77
xclfgsuznaiwhvk,uwxdqphkobyvrfj,93
mlpnrswyxcabizo,fwmbcxayoudqnts,84
blyzjcfgxnawqik,rzpuxhmojtyebgc,97
pbxznfaocwdkhtl,xokchjnwisavqgt,98
ghxsiekyptrumnb,rtzpvgjinoalksb,84
bxwdmpkrgyljisv,lakpdnogzxrhsfq,73
zeirsanxwbqfpld,fswixuyhpnzjgko,6
ewukfhzxoqgdpia,vbydtgiwsploenh,84
ilbkjamzeorgxvu,cfwqaoknmtshpzl,99
wuedatyzvqnbfik,zwgknsdvjtpehym,64
gzkalfbuchsixno,oqywbnxdvsfleha,56
nkfexotubsrpwgm,eqiwnxhtdvzgbca,83
behspidltjkvmyw,xvjrdwcnbpyiafl,37
fwqxjlauescphzn,cwobyjrehsmnfxz,86
qawmhvbrdxeuioc,pwzkrsdulihxtbm,43
awghzoincjymbpf,ruaevwsqjgtxfmz,92
prhkczvjymqigsn,bxijnhucglmkfyw,4
kqisxhcpnebafdz,kjcaudlsewfyhox,85
wbxyepoglacdmfv,glbwrusmnhzkepf,41
ghqutpwdrebxaik,fblmxvjrgpiaonk,53
luxtazsforjqnpe,ejozauswxnlhrtf,21
bjcnirmzsekhovu,pbvazrmshufqdgt,78
dqgwolkytfcxnvi,bztfgrjywvhpdiq,7
euvtxlsanzmdirc,pmgtwoqxhndirsb,15
rgmhqnefavldsbw,syrxizwmbetoldh,62
bzknsjhwylmavdp,zsrbwecaupximqd,76
zbkvcgpyoquitsn,atoibzdejvqnslk,10
ilbmanxcpsjqrvu,ocflndbmkqptavg,1
wgeyqjctmnpxrhi,qyfuticrdzeonpx,12
lwvxgocmbqtaryh,turexyhbmszgawv,47
fazdrpvtjyskwen,pzwefkuvosimjdq,93
pxonczbdmyhjqir,adeywgufrimjnxh,89
flvqjwdgzphauyr,hucoazpdvetikwx,52
pzfjtidrmsvnluh,nzvlaqmhgxuokic,87
vewotzyjhdgrcxa,burdtfpokswixmj,15
wnlitgxhvpkerob,obrvtjayuqmwxlc,32
lebtaynrfqmjicg,nelpsarhmgojubi,89
ocupvtyaqrwzehb,geownkvbplhjczs,44
vegzbhfxopcknjq,yocrhauljkqgvin,98
trsdqvzlycjbupa,bkdrehpytnslgzc,62
efzucrndgbksqpo,rbwkqtsxnvyihjd,53
fcwibnvegmypjoz,fnmjrutzgsqpico,73
pnmoxdcibuzytkl,liurtnpzdcsgkye,1
luwahbkijrqyvxd,wiqpgxcmbtkshjv,67
lnrvujawsbkhxqi,rjeuxyhwdnmqtlp,47
dpgzcvmyfqbjile,mqlvaxohwtserzf,54
imgbkdqtxuhywal,tfdhqaikpwznyso,55
nudhszfkbtwelgp,paswxmfrcjyhdvb,22
wlogukpfjvzmibx,izrqbnluvmyoswe,34
eaqnwhclxmkgozp,curehwbyakxnmfo,65
iytjxwlahrvqfed,mbwstqfeudcighy,56
dslmzinjfepbury,breawizsqchnukm,92
ewtmxbdapkgusyj,riuomdelqhayxcj,30
wsigmqxtnvpbodz,hwzysvilnuqodbe,88
qpekturhcxmbgld,pnswuhgvitcjkma,41
ojhvslpekyiabuc,barxousjwfcmily,94
quyhtoerkjvmdiz,qbrxekshlumwdnf,69
pvlbntaqdirmscx,ftciuzakqxsebjw,46
pxoywlbzntdakgi,bekfnzgudaqporm,1
bxnaoqtrjpeumli,lukceoingjhrfda,89
uwmikgpodtsnlvf,emrxandtwfykzip,28
qotwmxbliraekjz,azechqyixgmstdo,48
dqlnzxuifswvyhm,myduphngoscbazi,86
oarbfulizngxjpc,yczvtqpoamelijf,53
fauqcoknjzbixrv,alztowdfjrbxgum,37
qfzmplrbeagwcxy,bgdqnumzjxiehva,6
xoruihcbdagemfs,urvlbmsnwhcqxio,90
gwrnqyezjsxckbi,qvkrpebzfosuajd,12
uigdrmohpqytacx,yrqpvlgztkwohaf,64
sjgeumvtlkxapnr,ykpqxitorhcgfmb,45
rjzmbsoiqtafglk,xryvqkgwuzpeaob,39
ahwjgqnytrlbvmx,aliyonczbuhqerx,57
gmnkryadvzwjqxh,crldvmnhxieykbo,69
xugilcrfyotkveh,ztrqkxgdusvnfoe,85
klbhnmtfvupzjew,gcoeqjidftxhnrk,92
ygtqbzxmvpdacow,astviwgouhkecpx,20
xjteiuwkcqfaodh,gdkjqozntuybwmr,44
xyojbltsrzuganh,lcinmdxewsohgpt,44
kzgixoeyhwsbjqc,uyozewraqcxtfvk,48
jfxuhneoqkacdpm,lmderbhjniucsxk,68
vnazkytpxscejbf,tfxnhiubmdwegya,76
kzgihrdobtvlaep,gokmhawnbvxzctd,16
bzpuidqxfmtshvy,qzgpxhamlsrvoti,21
iuzfrxocpqhtgav,eoqfjbcwnpyzstx,44
ayexkcvtjnpblqw,mawejzdxcroiqtg,74
nhjlzrbuiekovqw,rpbthydkiunfage,73
qdrvgtwzucfposx,wxuvckoybtlpfds,9
iogrfmeqlukhats,ofxbdpuigzhsvke,53
vlmbwyxpiozcgkh,kiljomrasznpfdu,6
okzwfjmxdytupgc,ahwqglfxevodkju,65
kqvbjfauxyigcwl,xmnloeswcbpfqdk,70
cnmsvjiurqthywz,cqgxmkhnjzdviop,18
tcvryehfdsapgkw,yrepdjcnhikbqtg,35
yrfqipzwsagdnxu,jlcatrmvxqdehkp,5
vzbfcquadkohnys,madkjrbonitzehg,28
netqrcjlyzavhof,usnpmbcxiyzoqat,58
azqfocstujblnrk,tvlkxpoeraqcjsn,37
bhecwkxulfaqnoy,xcgbuynrdavwlfi,1
frohkmwtdgxablv,cdvjlkhogfysrqe,16
gkupyrcwibfmxzv,itbrwqdnfumeylc,69
hlnmjfpobuydaiv,eklftgzhxcdwoby,6
fnewpbogrxyvlzq,iskmnqtyzexlfor,12
jwgclyuiefvtqra,wuhdeqitjnkrgvy,55
uykjpznmbwodvgx,oxkvuqdiragljbp,39
nhoeqmbzitrwxas,qloardenkwjxzgm,28
sritdhngplmaczk,dcyzxoagvjqnitk,29
wiqgkrbznosfajx,ghumszjbqpfrtvk,29
xcjohudpwtqzksg,udkbcjgipthamry,9
tnauodbgkcwpyze,vrytpomgewzuqil,93
cyumkqbxirfotlp,azfxqvphcmbtrko,79
axbqfpltsgjhyrm,nkhmjezrblxwciq,67
lxsgwvckdofjbhr,bpwdmqshfgejlvn,27
nxafcwvgtpokdmz,dbcxlyutoqaejrz,34
druqlxjysokzveg,jagyrwzndcelkqm,7
hsrplzyajenbicq,xbwsmekufyqzngv,80
scgukiexzvnlqfy,ltdxumqzhnkprsj,24
bnjpgromlzdtfvi,fukjxnowacmtysp,84
vohlmydxraicjpq,wfktrapgmzdxscu,40
vkzdrjpasbxiqtm,ztphejrdxnwfcqa,27
uwbljotvqfsegka,wyuhvnkbqprseal,87
ugqvshwjelytxcb,xnzwjhamrqolkgc,21
gzlbkicteoraujp,yfphriwbasevxjl,97
hpadysigtqlxnzo,xpfabmqshzokjgi,57
xliuensjoqdbfcy,bctnuxyojefvahp,87
gwovbjcfzhiktas,xcpatkdliezwhjv,89
hwxmjdivgrzaqbu,kugwbjzhvymxqfr,67
mfqczylteikpobv,ygxuorpkbcdafev,94
lnirbuvatyhwszq,igcybumlqzfkrnj,56
idevcamsoktqgjy,bgoklpdvxrcihus,38
cokwiuhfdqsbtxm,raehvpmljqxdfby,69
ogvupzsyiwfkhne,jxhzlafeycmktuo,66
rfilbpeashtzkcu,dtilhbermsfozgq,12
hdbitgesmazxcfu,rlzfmwjtqehisan,8
jdcgtewholnpymz,amlqdsfpckhgiej,25
ofnzurxekijpdvs,rzepdqoscghfbwl,64
dvuxnbasrghiwpo,bvjpuzchkmiyfxl,14
stpzaoyuhrbiedn,jhkvnygwrflsqci,9
ktsqziemnfwblca,vtrgwifzxjdbuoy,23
frqylkbicadutoj,vrnqhucztjaxmdi,3
qwhmdjukfsivzle,hgdcfqmenjwxvyz,60
ejwsitbkgfcvlhy,rwbnjtesuhvpkaz,36
mhdwoaiylkztvpr,nxfgwidahjmkuzy,45
purzjtxogmakbwd,kbshfrjtxlopcgn,37
fuectxarpiqlmzo,kqvouhenxpdislw,72
ukjvflxsnyerhag,iorsgyckjhwnqfe,55
nwhucdirqvxaszf,hcuygsljvxtwfak,53
sxacthuqeybvfzk,rangojivhbdqxlk,77
jyketbfwhgdlvom,gxaliupnwhcorbf,99
tovqyisnxjldzub,mjskhbidnoerqwp,10
ahvqdljynkzstfx,rdgmahxlpwkoqjn,33
kaoflztrqibpmjw,wtygplneqircmjo,36
kxlbizjvqfeyhco,adcexsykfulgboj,29
qduxovhwgemaksb,lcbrnzefqxdpjug,13
iepjoaydqrtlkcb,ouwejlftrsnbxmz,19
zflaijsuxhcmewn,lwzxuaetqcpjvrs,90
educgvfprjknhlb,nkauyjrhtcxdoif,24
ljomhucifsdareq,cryvheftswpznlk,55
wqhzmartslnvfcp,pqboxiemnchtyld,28
elyrgvaqnwbuzto,vcizupmbghoxkaf,21
eohytjbcmzflqiv,fmweknvqdtulxys,1
dbwfvjeirolukth,ilezqjpbmvytfwa,56
ivdbrwzcahxksoy,ohnjsxmturdlbac,47
nqukawoyjzgrdmc,dlumfvqtpobnsxh,84
iawqbfyduvpnrcx,xnjglwfovuzdsch,79
xizfycqnudlrthp,rhqbufytnokmgsp,63
netxsjigamqdfcz,jwinguzsbdmvtlc,4
puetygrbsaminlf,rvucmyetaxosdnw,26
ehwurngyzxpfcia,wmckpnvxlseujdg,70
hobymxzdapquget,rhnljgyvpsibudx,12
qeongpufrbdhmsj,yuhrabojzgtlmve,38
bfxcuqntykaovhr,mfrzhlqbwcpnsyu,12
xwbdykvrjgufcen,etpxqcznijlysdk,11
pefqwgjnscxbhyk,dwzirfkhjtqubgp,63
vurlxjizamdqpfn,ysgnwepibzjucfx,86
qoldnmrtseivwyg,xaeobjykguzmpdv,62
photreixvdlyswg,kzwhmfbsgcryvdx,35
kwnlqxcofpzesdy,zypcksnqrjdeltv,13
sgeovzjxuldhfmy,bfgexnchtjqpmzr,96
jecqdrotsplzuwa,uvmzgydwejorlxb,29
kudnlahzxtyojcq,fgakncudqjwhmry,70
exojnlgtkuhawys,vsczqginkuwolbr,67
kbfcpovtwhsrlyg,mzbainwjplgfsky,47
uslwqrgbmxjahpn,vrzxgmnhcauyiod,86
qrybmcadklvhzpf,nakfxuolshrzqgi,8
ngsqekdmylrhufi,zpydqujiashonvg,96
criohbqpkxzfsav,lcqeygwnfbjmrsv,48
vldfyaqsznoirjp,pjvbfuozyrdewaq,32
copwkyzqjgxrnub,rbtjzlwmkefgnvq,10
gikhdzwnjuaocpy,smdvnqjypokiwel,8
wqzhsduotvkeygr,ldmxwuoskjtvcnp,99
csiwogxmqnvpafe,qgyxkhzfapdnimj,75
zkwrhgimfusnepa,dpznrltsiuwojyk,8
ldtipjcguoazkvq,ygjwuvpqceblhtn,43
bzdohlgeuxkvtpf,dsyexlqovmwncrk,7
ektscvydafqhloz,ohkewjzpcfqxans,11
migtaoqvudxnhck,gwynukemvathqdf,5
ugtwqzyodklrjph,tkfegvhabwqiclj,39
ijtsgolruhayvdq,hzbluijqnmgyvdf,94
cwofmzpslehqxyb,pwvesyqmfkrtlgz,46
jrdsctpeawuohxg,qmorxfepdsulwvt,14
uoxekpgbnmhavrs,ceqzjhuxakwfmsv,38
sifwoaqvpclkdmb,hfxqnciblwdpmzg,23
xwkzqsbmyitvfgh,ltonmgqzyijxauv,47
bdujhnfmwracyoz,prjdsqxvhbcugoi,47
wbmvizklotxsfeh,cdbzsilxpktofhr,62
chjptxklaedmvns,hvcrtgfkqdmalzs,2
erghcupoxysnlkb,icgmofrdalqywun,79
ufmdzaqkrtgybie,vlzsxmpfoeaktiq,27
qvzmyglhcrdifbt,naedwgbhxoyrqcp,30
fvsirxzpdmeuqkt,qcxhazmuryjvkbo,10
onhxwagycrftmds,yoksuhgderqblmj,51
nuscdwafgltovyz,zcgwlusyatmfrnh,91
afgqiyxezlbupmj,utlhnwgzvkcrqfi,23
qvkgnhrijuzbldw,zfdmhpgcirwyoal,92
wnvukypsxioeamf,utdgpbejonwfrqz,23
vpztnblikaxhrqo,sagfyienltomzcp,32
klgfhyawxstvjom,fuanpbclemhswzo,13
wqtpuhokgzjadri,cuwspdkxfojlghm,61
bgxymzcnawkfurh,bzurntljwhckays,12
jhmfdyiksralbxg,tdfqxnmiclzywup,20
qjtceodybgznrum,obmurqshyikczev,80
fygraqkbeozmwvj,itwbosrvndmcxhy,60
esmxizkwpnjghyv,wmojcxbrvgfyiep,63
qotyplxfkrzmucv,escjpfzaqmlkvgh,88
dcjpxhbyikentzv,cbfyzouwnrmpqtk,36
ufiknmhjtpdlrse,dnwvcizbamqsekg,25
fbqojsycpxkawug,jmflrvazecsnyxt,41
pexbhdszqtnkfgu,envdcpryltoxquf,52
harvyjetslzfnuo,ctxbmjqfvpgerln,67
xmtblykrhfqawpj,madtxflpqzrbnio,85
gptqchrmolewinv,xftagvsrhpuzlqd,67
sklqycnjbzvmuda,kblmquhapfrytdi,87
jizxdchutykrnso,eydpgnukwztasbr,22
bsmutihvnqedxlz,zvnmsqoygirdpbu,54
aihgqsmyrevojcz,luwyfqdjxviagbe,56
yhtdqvzfkrpxoie,wjyvlbenxkcihgf,69
zjuwxiqsfmrbtec,ixvnblzmqsgfhyp,89
uqwdorxctkzlhgy,jfrwkshneaqoyit,59
exmugziayjkcvrh,fyhbdujritqwnex,78
fglwhbodrczqkmt,ekmyhpovgbufcaz,44
uatgprfjiovleyz,kxbmuvoqzfhnwty,96
pgtzwriecbfajmv,jgbqoxpymksrtvu,92
dhgjxoyrszqfamb,eourwsagqtpydjf,4
gbjkxpzwacosnqm,mdhbpgaexnlwsvi,76
pdbeoyimtrfkxhn,lebyjdgamcfwqvu,40
bufaqkdymwezopc,xucqrwbvhaosije,21
vidrpsuokhgyznl,nvljycradkbxqmf,41
mecsqrfndyagvuk,icjwtplnbxqfhra,72
agikevonjrywqzf,sbegvldfxtmywnu,67
ibfmgyakrdsvpce,obyhvqrlmkxztce,50
kmbozvtfpdehays,contkdzlxiuwbsm,30
eozapxhcfuwsbrg,qlwendxvkgprmoh,54
slfwipydnqzmgao,ncdqrpaoewftbmu,96
zvrbqygkjtcuwia,fplazknxctqdorh,22
lhdfkvqjwxzmegs,mixwhldurqnoacp,96
yemvgqlncrsxzka,kgdxzjpwimcsvyr,45
tgnkxqshpozrbuf,hrnvmuglfyjdbce,68
xdsqegjlvhkayto,knqubsgwlvemaro,3
djkvbrelnfpysxt,vgbxzfsnwrpdmlh,64
knpuacwtsbxzior,kutlmpogezvyjib,58
acsoukvlgxeqfnj,mixodkacprslnyh,72
fqrleaibujsnvcy,azpuklqriysbcmh,82
gfupkatqbezdonv,zqiecgaykbsloxm,81
zhyalptondjxgmq,ftpzwhemgkcbsra,20
uzyjqbscxnldogh,vkmxartqzhdcuwf,28
aeuolzbrvwkiygp,dqkhbgeypjimcan,83
xlfdncjvroumhws,zwqnlcikytsgvjd,74
aewlujzmtdxknqi,rmzbovalyjgxnwi,30
phbyosmjuekvztg,lstzhdfayqwgkix,21
dtlxrnpaevqwfic,ubptygcdlkxofwq,47
sxtikfqyrwzdgeh,indrtqejgwhpalx,88
tyfwhlonqxpvsca,qaermxvsohnkgcj,90
jufqwghrbopvyst,khlboygizvjesdx,55
elbwxdiqnupmsjf,rdmsjelicfpknwy,75
nskgtfiboeacmjl,xdhuiqswfnvkcbz,54
fjnykbtrxeilvgs,lkpmncdijesvgbx,92
dnwvcerajzlghxt,okiybdxjrghfvuw,15
usajbctfxkzvnoh,blaftqsoirjedgc,9
axrepwflvtgkuny,iuoyzpjqgvxrtsc,49
npwrdvhbtxlefjz,evzkusoxrfcahmg,83
wkshcuxqprftgzv,viemuwfxndclzor,73
jsxtbpcqnelzmfu,fmowglruqzynkix,65
cqdblziwaekopyf,xyqfnalvmgsuktz,9
knjmudbqgoryxwi,auvrblkmdhpjowf,15
qpdlzeatmcxysvw,dwmqszceyvlkrif,58
wfuqtsbkcemnxyl,prthqobjwcivdmg,56
mrkqtefnsjaywcg,axmbulkpvicrewz,92
mazgeofkvdhutlw,uvaxtrjhqobwedy,17
xquebphlcgisvwo,udjxtphoavsbflz,46
gylokupbhsqzrfw,kgrunomblypwdqj,79
ahmqrjwdeubvsin,lrwftmyhcvdqzui,83
dzlbifvjehrkpuo,krmdqgsfpihtjne,46
zriaygupvojsdlt,zryobauthsgfxle,99
jklpnquxeohiztv,emqjanpckdlsyxg,24
nvulstdxzowhjfq,wtqgecayhunisfr,65
ofexunkarvcqmzj,tpbeixucvylazro,75
ubaesfwrhpnxmki,zrkowndecqjvpsb,2
oueipfsramzgqbd,cokpbhfzlwentya,47
eyharpxtkfjwgdz,hbxfkypsgclrzwn,83
icxbdlfuystzkva,zitxbmauycwegso,45
urdvtbxiogfljmh,vrcxiwatbezqfun,53
qoiuzbgrcpxdfey,juwochvtdpbxkzr,88
qyousacdhitfkrw,bouqejsmfxzgckn,16
smodlqtrbgzpnja,ghlwmznebduqasi,7
eivuygjmpnbckdt,rqmesvhcufobajl,95
anwlpguhkboferq,tyqmupdhsvailgo,23
uhytpmagqvkexjz,ryiqjxemvckunfo,85
dgnaievzytcfkbs,ieszxtmufoljgwb,19
jkonipafyqbxcru,xfclaurzidsmgvb,12
kydeotlpvmczfux,mtebkqlcxpzosdf,94
zxeaombdskpuqvj,eljxomknzfgibwv,32
kacvwxeuotqzlsm,vswexpnjqlmfuiz,99
tieymashbxjozdq,thsnogqikjmbxrv,94
ghziuekmlqjxnbo,sxdgeinphmarlqj,80
aytmconzkugxbsp,gpihmkvbyerjqzx,86
ejtyclxvfznhkus,ywzsroflivkpnqd,86
jltzoykcbuervfi,pweuslxcrgkhinq,89
talfnuoreixmqbd,siudyrgnwolvbxf,31
tplkfmagcwhzobj,dakvsznjbeytpou,33
zkpqrftocasugle,wniojdvyhmpgeza,39
laepibohxugwcqf,ekcnyvjdxzgqmsa,63
cqudkhpjnrvezbg,ouvazwxsrnmbpkh,72
pzstyhjbocmekra,navrjwxhosbziql,15
xaofqhpdzwyrcgb,bcizfdwarupjnxe,94
hgzftcuxmvsnopi,qwktyivsaufnegj,17
xiekwjvyurtlmha,wlyatmvfxgpdkeo,56
fjekxhmidszarpu,idazseqprjwghvf,27
fkutvrjcmhxbezy,gleqzsyhbfuwkax,66
ezngyxhjmspqacb,efugilhsrkmowcx,87
citzhrygnmslfqa,uxlehgsvqzatjyo,50
entckilgzjaxmus,dvjfwkqnubxtilr,2
shobxredzjmwing,xtzeochfkwigury,77
kyrnhaivxjsfbzg,oifdacgnwkpzylr,34
kinmpjfrhvgaqly,moetcflhgubjwqk,42
kjseqpaxwcfonhu,nmalzfkcshyidbu,58
abrqvxnkgcohyiw,uiohzcxtgwfnyel,67
ebzkvmflodcjyip,yqhxdnfektsmrgp,3
upwzytxadrlobmk,mupkcsalwvgzhdi,88
fvrcjhlwdutzmbi,qticopuvglsbhxz,62
lvksmbwjhytfazq,zwieodfxblhkpgc,76
xebzvwnogactlis,uvbkxrphtozlieg,54
tivlfjywdqpscgx,ltvcruafojdmnge,51
bnxjeqzmgiwcpvd,tvmzxyuwriajepo,36
afqsktyoghbunrm,oksculyxiambpeg,71
zbinqhvamxdlcwg,yxfjdwmicvgtuaq,22
mkgynfotjcvzqba,ojdebryxhwukmlz,36
fpwlanegxrytcdb,jgbswzytuifeano,40
gnjtyhslzqpewab,pezquycktjrgbvo,38
zgylefvkbuwhxpt,ibzjlseqogucmvx,49
ofhkxvjmcpdyita,xqstwmcuoznbdhl,26
fozhwnysgqlbirm,oydpsilqkbrugwj,93
oaumpchdnyksvjw,narydztgchvqpmx,60
pemnigwdaqyxojs,bsoehfuagvdwlqy,92
kmurgeafnhywozx,bkuxqlmzgdvhsjc,36
radhsqeowjylkux,qysfaunovdthpbe,27
eujkmnoxbgrwspz,bwomjkingrtczed,79
uzvlrbwptghcfan,nwghsbquxjatfmp,77
ritdbnfoxukjyec,xzoihjdptyflkvu,91
ldkywbcmhevnpix,qrcmwnhadklebot,86
cqdosupxilhwtzn,woexdbuahctrvpf,81
oyxeqhwsklbpvfi,mghfrwxydbaoleu,2
livjfymcnretxsa,cnuhqgiywfezvdx,80
bhcneiupxayrmlz,buymdjoanlrhzxs,15
ufqaexvlbjpinos,bxrntfodcukpqyl,92
ptvjmxsdogfklzr,qfvicnbujlkxwgr,73
wonzclyrigbmqpd,fjzvxtqkbpiueho,23
vpxbymcnusaoejf,jwiurexbolqaznm,66
ndrwxvbjocptgsf,kdyfvjtlqpcuwrg,97
pwhueskviyafmtg,qcxguswrbmlnfza,44
klvtboqfrxceajp,zuojavfwqybhckx,85
vlufipmxawbskcq,quljfbnmryktiva,56
xbkzplotycqgdsf,ezqkxanhfvsogbr,98
nrdowkqpbztsyxi,jhzgapvtcduylxb,28
pdlbfhqsyrokcax,zoarpcqifdhlbye,99
yubhqvgokzcrnim,qsgkwjxrotiphlb,86
igpxwhovyelfnqk,vosujqwfcaegmth,26
qmvsznxpdoybefi,mqvwltobskzgyec,51
ptsxbhqlvzycojf,oswmrxqdpaufvcg,63
emlbzutdwygkscf,zixyqkbpuvrdjog,17
gowhzkumvftlbcn,ewgolmyksxrbqcn,85
qvrxfzkjmbocdhp,vubetagqynxkjsd,47
yhbsetmcarvidgx,cyxmkuqjwsaizhf,28
gdmxointklczyew,icsokbaypfnrvwg,78
afeuljcthbdrnow,veusfcqbhmtdypo,75
saceuhzvwbxrogd,pntdbhzvwejlisa,62
wkbvtanqcyirmuh,apsjldmfqgcyzox,31
cezhpwxnmarbojt,fylswdzquhratbj,53
rbzaljnowkyxuih,lzdptrkoinvmfwe,9
dpjcfxeaiswztvq,pszjebmnovuhfcd,36
jcyinhuzxbosvmr,iwclxqbuavtzfej,51
upexbkzyncqlijt,xyikmjnbsgrdlwp,14
panmvdjcwueliyo,ydhufwqrnoaslkv,63
fspbyojekxuqzdw,idmoesjbgzvpcyx,47
rztxdnokhpfymsc,qksingrtjuhylex,60
xkcuoblmrnywizg,rhjtxdpcszlybeu,86
ojmypbugvdhqzlk,dosibhcfgeqmljz,10
clmrasdpguivzye,xujcwpsktfleabi,69
otzjxfcupakdwhi,rvokqphgfedaxyl,26
dpfxbygsrjmkoqc,vxlpogswdatcnuh,39
cvlerhokifmbusj,iuohwyxcfnjabpv,12
tmqwxzcljdhrape,znhbvpylfjtdaco,46
qtksfnwylbeuzja,dcihunkflvabjoe,65
cnswjelurhxmfzq,hgansdtcwzqxrom,70
wqokhrpmanduzji,avspnjtqbklrudf,12
wuhfvexsbqtkopl,dqygzahkxorfvie,52
axivgzurwcklmpn,lnegjafdqpbuyvm,55
pfdsbnhmvartcjl,rhtkyzfimgpculn,87
jmsyvbdkocnawzt,bczprkgxutdvmsq,24
ybsjpqiehglfatn,cqpilbeogfhszvt,60
wrikmbcqofaguvx,qrdczsoagubymtw,99
ediwhyonujtqskc,vdmegjrlzfoxkty,89
yaodbuxfpvjhceq,nibqdlwxypfezmk,35
cwboednsqhkyplj,talwnfurokgcqxh,65
rnivgqbuekayhos,jcugnfvkrhxoqst,57
hkmvezwblgifuac,skzcdfpgxmjyrvt,59
ldjhtqwisxkybgc,lifbhxjadepyqmg,97
exwtmbspfcljkqr,rgvpflkaxdbmoew,31
hrfotvsdajmzbnw,ifwctsukxevzlpq,1
gmhkzudqivjntlw,ehpjwybulifvmos,82
oqmuaibwxgehfkt,tgieoldfcwjhsrz,93
uspvwheokajrcxf,fpblytwkdhrascg,30
dvtzkufwnrqayci,vionlfzbyhaudep,65
oywhglbsaivjfnz,huvljepqirckyod,62
iepfjuabnkxomls,pcfryjwlsgdivbh,81
coemxliqsaughwk,zxgkopuqhjrbatn,86
iocydbprkjqswng,myuixkzwnlopsvc,29
crvuqbxdamofgph,vwrzljtadequcnf,53
mfdshxykwqeivgz,tmuyqvbwpdxsfkr,64
gnjqurolksvxbcz,eftyhcqirojpkuz,52
vwyaxngitefrpsh,snwmlyapribdxvu,84
nekfibsxacgpvzu,ncxlrtqzvyijpud,40
hdbotupsxmlawez,zstpcumdihrayqg,3
mdfaoghiuqtekwl,shugwpbkjqaozti,52
moqnhvagrezlkpd,xqnfpumzytkoavb,62
tgydzljhpskwcfq,alipmrjsfwgzyqh,50
ughmqtzcsvkyrdp,rvzqhxdglkfjiay,18
jpywidtgkmvzlcf,gxirjhpkzsdutma,50
fbgxhupknzvqlcd,khfrgeajdxlntmp,5
yeoqhjusmbdvacr,bmcwgphusfexntz,98
gpivnwofdahmuzx,wbgfishkmndevct,11
ymithenpzrgosxw,dcurtzoyljheiwk,64
pqjfdkxighznuoc,cgfswvupejqdinr,46
gkdaofejivnspwr,zhtrgqmfwjbvkxp,88
hynupodmzreqlxa,tdnrgxcozepkbfv,2
eztkipdomvucygl,zotmgihvnldxwea,84
obyedarknsqzguj,ifbhsdrnaljxmce,82
xkmbaqyezjuginv,sybvcrmqlankeuw,86
eiracmzupnbltkw,htxfobkevlpinsd,92
fgwhsondbxzmiea,jhuprsimogydqvc,46
lyprbucezafjmdk,ocxkihgvmpdrzwu,80
ulgsjavcopzfekq,eqyhvcsornxfgma,33
gpecqjrokuymwav,lpmuwohizdfyxnk,66
kjexidtwlhqyuba,ybfcejkgliopuvn,83
bzwrvsmecjynaih,pbydzkrigoqcanu,53
nozakqifxvhdumy,ywcqahvdszfgelx,97
telhkumxpfwczbr,gljdeyiszfnchvr,42
rljfqedtxwzmhyn,trpghkwomcaudns,90
yxphsvzfuwqgnca,uoyfzqkatersjip,68
oplmhajfsengyzc,mcfxhbuatydojkg,89
mgywhkairtljqxc,suchgkixjrovdyt,70
wkxnarzeftvghbp,bheytrdpanlxcji,32
teqhkpdmnzrayus,vcrphyfzgoqmitn,15
oujxshdqlivamep,brkozsxlynufgiw,54
fhruxocbzymesiv,pjuzfxcowydimqh,12
vuxtdjgizwbhkme,nrmwjzxhlkaitps,50
kjrpayxhzmifuld,jybvsqrdnupzgke,13
uhykaztmgjpwxon,gykrhsbzplnfema,75
dxrlszgoaetbwpv,feowhypvuxmzcjg,47
gnxefdmlocwyras,tqlacvmfybhpzdw,69
jsxeipmwtqkzuov,rlhgjuvcwbpzkqa,55
pbzdyecvsuljxat,yltdufwnpjzcoks,19
ahpmdevfxuclrbq,zreupjkcdgsnxto,28
mdwpqznesygckxi,xzbycndjfgipwks,63
okpztgrcbhsumfy,dkibjmwoyxcvtsl,38
pcxlrodmtbgafki,xnbzqhysarcguto,19
agiqkywenjzdxbt,vzchtndmufbxkpi,47
yzwcurbqjvhxntk,huivtlygbajqwpc,84
tpwnmsburvehgiz,jvbnqfcldszpgtu,85
gndxzpbutyrjshq,xkpgsnqhtdeuvyl,24
rkvxzbdfhlgeuaw,axwvtmosjhlrbei,50
gchlsetamuyqzkv,uijcrqzgpbyotlk,31
whdcmjgoitavnef,gxtihdomsakpzvc,70
ihfpltjyndqucma,jhncfzigsvkybwm,33
xhwksqcoydputjm,cxsfiutzghpydlm,16
scgjwueqbitdvyz,qisxulkbyopangw,89
xefvicmzwrdoqbh,jrcvnsbytloexau,10
mjhbosrylpvqwen,bcvhzgmuofraydi,44
gknxycrmwzbiuva,rekminqhojdaxfl,49
baghvikmsorcxnz,nkdvhralfopuitc,17
vebostaiuxqmrdn,jeasbkhyotfdizr,3
uwrendamiqcjlxv,ezginjcbumsafpk,87
hazcuxvqwfibkde,twcqraoeugzidjp,23
ckvedxtaysinpul,gqcjbtikhpnameu,66
xdrsypomcunwhke,gbqzvcefplryjma,60
eyjbthgpoxzrkcn,jmgfcouxhdznrla,87
zubgyqfjevcnstd,jwsuvrxbcnmqgli,2
ecakjgsmdwtqvlr,cfwbvndhyeutlqk,37
jcpxvbitakmflns,ugcajdynvkzsmfh,99
qduyvtzckfsmbej,vmtkdyfbrqpheuz,30
niovflwbhxjpsdq,jsatmledrgxzfib,65
zmtopdgbshlyjeu,dupokyrvezijwnm,83
rnmuczkdioblhap,zyioxlaqjvtpbfm,50
brqmwhxndcftguy,lejaqhonrdvygmx,65
rbeylkgfjwzmutn,pjvlornabcmzius,64
kghbucpemwzjriv,phnugbfxsdkcoie,87
lvtfdkuwsengbyo,bcahmfugvqnolzr,71
kusnxgardhevfby,ganvetfjwupyklx,52
eqfmcplnhrwsybo,aivtumxnsjowqyb,48
kwzxnufmepliatv,vpnmrwkhjxebgco,57
amdsveqfkzcwpoj,zeqnjulbmhxpcav,61
xrjfempbznlwuty,jobzinhpmscldxa,80
avnsfiutmdrqekg,oieyqvmakdcxsur,15
phkmayqfioduevt,zfdjtinrxoqwakh,39
ymxwaeisfqnkrbc,rdugqetcmfpzixj,22
novbefdqjksmphi,eztijkcavlwmofr,41
fguhjdcpabmtzly,zilxpnwakesrjoy,52
nlewhjqftakvgzu,quwhdkztnfomelx,75
rhqdbpiycjegwtf,gyvqhmsdcirxlke,68
hdxsneuijzfotpw,gilotahnpuxbskq,68
zohtswarmyuqpli,rhdtvbnszomxpqi,76
ztsbexmwianpgoj,azqhljxovwkinyr,68
edqncvxzabwryhs,zhmgkynwvrlqucs,82
mdvjgpolatcnhwz,silkxbwecdtyrfg,46
diywtnlsxuoavrz,kbzmgpyiontlved,54
uvgqcdflxnwriom,pkgulemoihzrnsj,38
jhxsuiedbfcqwtl,dwcynvihglpztax,5
ugamyrxtwnzfjiv,kqjcrzxoblgtfup,12
phtsgfwmkujnier,qkivsalngtpouer,50
gwldvkqunfstmbz,dpkmsfwnazuheov,12
lbrkynimpcwvqus,hciblknvzftqrmp,50
ilhkasypqzwvfgn,xrtvizoacfgyqhk,21
ivzknyqgofrmlpw,haerikbfmdyuqcg,25
nurvhbmxljdfgtk,lcaygshpqmrfbue,73
hntwguckamqpyfs,zxcilrhukytbesf,37
gofqhvzinlxaruc,kqaihecbyvzsfmr,54
uovclxgjqebnfmh,wiuohfacezqlmbn,71
mvsjiacxpdktfqy,etjnomklfpdqwry,38
hrmpcjtysgubavo,rpqahgmeolwdynx,19
uktlbxmjehdfpos,rlcqnbyghejsfaz,86
izdctqfyarvsnme,pdewyujzkhqmrgv,42
vtbqynsajrpxiez,rnlkwjvgusfbaze,60
xhcbgsjlktoevaf,nfawtrimzdlqhsu,30
byclkwgnsrozaqx,zwmlcotrdpkhuja,14
aexnorqsifhygcu,mbefgxuohnjaspz,70
heloqnscdvaxitp,namdivzskuejgcx,25
qnuomkizcfvrsgw,kchjbuxglteivqy,23
hiucntzrgldxbps,soiaknzptbcfeyd,48
yulahopjtzxdmfq,hjefqgxtzdivsnc,81
ktwmabyledorphv,afdsulozqwpjmth,24
hwinrbcdjvlszmo,ngocmkasetlfirx,29
ocxqmkdnfvlteip,nxbdtgzjqekfspa,99
zolsuyvrpjwameh,pahflyzksdtjnmr,27
wuprjhvnmefxoda,gemwtaoliyzpfqh,70
wrmgitankcovxqh,wzvufcjgpylksdi,5
gtkhmzpnrijveuy,amgzsnfxlwkdbip,90
mybezhtqfwulsap,ktrmunjodqivscx,46
bileghnavdzomqw,ejonstfrxvlybqg,86
cfeswgvpoantyjk,xzwtesmyhfqpnbv,91
rvxufezkliydjpb,cogyrpdthlemijn,42
sgpftklhjanvwyq,amoljipwnqgubyv,40
rtuqeyzcdvbamjf,lcvinexfwzatyhg,45
ivfajudbtshnwlk,olubngtqapfyrkz,72
bwshionkxegzuvr,cvirmpgxkthzojd,80
euhpmvbickwolrg,aqzthdkwvespxcr,20
xpzokvjedisclbm,symcaxukgodqjrz,54
oazcdtwhxjunvle,hytpxcakdfjbogz,8
vulisthjcbozexw,mfdvjzsebxilcok,92
lbnhgmcsyzvdrae,wefuzsikhpygxno,58
wpjmsyotuqblxea,wmvlksyghapjdxu,14
frhmewnkuqgtozs,kyjdmzecpfwbgha,19
dlwpstzvnhubjfc,gtjbxfedlwmvoiu,16
bkmsicapdzwuvhn,enrmahtcjospudf,37
ztxscuahynpqbeo,dhnmyqetgvljacz,55
futidgwblncyqjs,jetlgkbaudyhfim,26
nqwvtkspfilzoca,pdkxlewtnqihojz,79
rzlqsbcjuhmiwoe,fuyhpnkjdolrzvm,15
kizbmtyoehcxlqg,gprtmzwjedfovia,20
pvralefytxjshqw,kywxpuajrzgiqlb,96
aufjdlhbgnowtmc,dstzpxrybcfqvwi,48
ewrajvxquhspcgo,ckjnofrxavqbluh,27
krpnaczfqestmou,xbwojfkmiqseuzy,23
zuiokdavbtsnhcm,amwefhxidltgosz,58
dmqizltgpcxbonh,owtejhbckgduqvf,91
hmoyfdzklescwqx,ibgcdkxuvaotrqm,17
hokyedmgnarjtuz,bijgmxeahowdcyp,97
htdqnxuckareils,azdpybnvjslmfux,17
fvjbpkxwdaeiqzs,gxncjbhksltrdvu,68
hgelbomsvxwiqaz,zloedtbwvxianpm,23
wnuvfbmpeoxaksr,dovnrbxycaijpsh,31
ifmbrztsuxjwkqc,xkagjdchbvtluwp,18
fesincpbzwukjta,wnpoctbvhyimjxg,75
kcopgqnxdiytswa,bhjzefspwtuovmc,28
eiwtkbjxcqumfrs,jbzrkslevoxadmw,57
epfqntuyvbwxish,vjtozemlgxudbry,42
ljkznsavxufotgy,gkdbvsjiymulpxt,53
pakdoesnblvhxjc,hxcktrwvbsnlqop,47
jbahcmkwotvfgps,kpdcfzbrvxymgnw,76
suhextorbikwpyz,rfavtxyeomscukq,24
khidcuowrxleasn,kjuintfvspeqmwx,6
ycvgzrbmjkanopl,fwlpkdrhzcsuqon,15
unhapgleibjkxov,zlgqkuwtnemocai,33
prcxbgamidhqsjl,wzpjkohvisuctyn,3
jmypgkhdacbiwqu,lbreuzqocjnshki,41
phstbnocugzevkq,ibgathjneorkqyv,3
nibyuotrhvwfkpe,fibclgsytudahre,3
siczukwqoptgbfh,brxuslhqndkyzfa,66
tzuwhnvdcypljxf,evtqklhfbxrpzso,29
zspqydhfxateboc,tcsqdmwfpiogzny,44
vxapobizgdeqhkr,ukiyrqbwohjcxep,87
vqpwornactflhzx,oxinramywbjkvgs,52
qienrxtcdbylzgp,kclqrowtjzhvaed,74
cyielbhzuxmwkgo,vysdihfzwnjcpqx,86
wpegxlbnfatvqci,pgfxkemtbvjzdow,93
gtaknufemylwzos,tqyfkglcvorxahz,76
mazvqxuhkojcpey,eyhrwzsdigtxkab,57
qgxjcpehzsbnmvt,hpyarcnqewsilgk,11
jxoldhfgswkuyim,zxcekdovimrbhjs,60
vhbwslprnyomkzu,sjidrmahxwgbueq,91
geopudjhrzqinfv,jltbkrihwgudzfc,72
rpyquvhsjoixdne,cphbieykxlangvm,58
mydckjuwhraqolv,aloivzymebwrjqu,97
ijnboescdztqymh,rloeiwumctazhgf,31
lkpraqvwtomdjcb,nctyoirblskqhwv,52
vfclbudxwqpazoy,ujskchwiborqdpv,14
vkxdbyzlmpqtfig,muilwythnpdqkas,98
skrtqwolymanipc,mupirxnwlhfeszt,40
yosilkxmegnpzfb,fycumopwqezkdsg,53
hktivcawebdnymu,bywtpjkufrscole,87
kgwnayrdzcupmih,ncuwetjvmxsdroq,64
udzpetqjilnfosc,wajlieuvcprtnmh,86
mljsgqeripoyafd,qktcmowpzjuynae,23
bsvagkwypjfoqne,gjvomiebranukqs,21
pqzcoknijmtshag,zjvirykqnwslpme,98
sdxjvkphtmqolyb,sqlfehwzoguybic,94
nzwfyejgochtrlu,uqetkmvrsngoxjb,66
dvjpnmczqwlraiu,swovxmlnrajbcip,70
wnjqylckozrfsua,wljqgtpfivukeoc,62
ekcbxudwlmfhvjt,qrgnalhpfbzsymx,88
ucbvrtqzxiowykm,oajthdkmulfibcg,92
onhzbmprtxqagfd,mwcjrthgzoqebsu,15
vhncxmgswfteidj,jvaogkpzsintxyu,48
sjbrcvuqmwfydzi,xkhfmcliyezjnvo,90
umivlhwptsxngkz,mcjnyktsieqwdhb,39
nqwuvdxybtpilke,iqkhblcedfrsxmw,67
eiphqkjnaufbcml,xwhtglrzjyekbdn,25
mjhogxrikvzcnys,yhmgflovespujnz,9
kbdjqptsuzlrwgv,brxjqmodsfvgnpl,57
ydfjxcbsegktohp,kawnesgthjqzxmd,69
rgcxszmhyovjdfp,gxtlnfyrqawoviu,77
cutgsxbadownjmk,askepjyzwhxnvfc,35
qdsvtyrnwlaijch,dlrbhwpsyizjgeu,80
jkptuzxceoibqnf,tokjgxawvzmldne,81
vwbifcejtonpgyk,tuxncilobwdqvzp,86
qxujvbmpidfnzys,tnlmgjrkpwqdfba,31
opkqwxzulgadtbc,yldonkpcsuwtrfg,79
spgofjtlvwqirck,daowpbkgeyrnjsi,19
zfbglwkyqhuance,mzhnebkurdjsxto,8
qknhzauglydjwes,wdkpfqzeimcorhg,94
zeptnhdarjxcgou,ntqgzhrxeokabjf,62
zqsodlvbytrpfhm,gyeziopuflhwbcr,61
sdtvwxyfnpogqku,hribokscapgxvue,13
aowlydfnzemqshj,wpcbamjgtudinsz,14
fjmvecyoaqpunsk,dkjxucbwrvnoasq,17
dpyveqskjrmaofb,bnexmygjlrqcaop,61
cxqbwvrlnhtpuyi,dfjmsaxgyionwvr,62
eraxmbluvkhpojg,tpvexohlgmudjwz,55
gcapeykntqudmor,potrlqbhwdusnxj,68
srnzibydwcekuqg,bsxtpmzjidogwfe,43
mpukjsqogrbewhl,gartmiedzokphub,48
ngbmlfpuohwtiez,hacjuikstwnopmv,64
lnbomfxetjarpky,kmlzovixwaypgec,98
whgfctpdarozkyu,nyrdajsbmcotfke,7
gruxtknwvsfjqpd,zesyvdbilmjhntw,95
aivgorutlpsezbd,rdcanbxplkgitqe,69
vpdwrfenckilhzs,pfjazckblgrdtwm,89
ltqbawgdhsmkrxf,vymfxanuctbzjwe,69
daipkzmthrybogc,jyzdukmvlaowbhx,90
oyximuzgfkhsedb,scpmgqbjnidrtzf,18
pewszcdhrkvmiob,vjcmpzkotbwldru,30
iqldrzfsuxgbtwp,nzejxyliaoqvwcf,34
jnbwacfuevxydhi,jahomtslrvwgnup,92
mejkoyphrvfzdaw,oqxurvgjimlphbn,6
pnwmgfaukziseyl,xubsdrfwopjlcvg,21
mtlevfokqwjynih,uqtkdfzsxjlowbc,9
rfmtzkweougyshv,lvurcaqhnkexdmg,71
wfqpdcekoljxtha,zeixgnfqjlkarou,21
zaefgvjinrlwbyh,cakrwbngizfxhjs,49
xgahstemouyznfv,pfsgqakywmlrijz,9
uervdiwgfsnzpcb,vqysxbijukfclaw,24
pfgmdqaxuiwlnhv,smgaqhtdrfvzwkx,65
ojnqmcwsebdpfkr,nomdbwfavzcjtig,14
fvegnubalqosmwc,setrjdwuzncmgyo,6
bpyfravzsumjqnd,digwpnclkxtaohv,52
derhbujmxlzsqkn,tjdikqmowfgsvby,51
ctliumgbejzoyvf,ibvkuyfpajezmnt,82
xhuwnqlmdpcfjte,bylcfqzedhtojka,67
oxvpubwegkitjlr,qhnbuxepjofilrm,46
ewuhokfimvnbdqr,sncwojatbymephx,32
oaguxvkewnijspm,xiowctlnvzgsufj,93
yheiwzlduoncfra,qksyexdorbtcagu,18
qlboiseawdmptvz,wvqxpodzarlftkb,86
vfwjulnqzxstimy,cqxdehbsonlvrgi,47
ntyphrbfdeuvlmc,feohspvjxtdgyni,12
oumrcylbzeantvh,hsetrcvdnjpfaoi,65
xmoeqiwprlyzhja,awdnxtbcquzislr,17
rjtpxlkucwdsnyo,mlbnvxtfgjpikzu,85
fuzktomyhnagvws,mrnlqzjdoehuwkc,69
wshgzyxfjacdqpl,qybmedxwjnifsvr,73
dntfbxzlpeguwmr,afjqezkbcwsmitl,34
pdfxmoegsalbquk,ruwvlydinmcpzqg,82
afxnbishuzwovme,ijbposlzkqrtwdn,14
dyaxmpeztbgocsu,aupvzwigqflstch,17
hqndogifacrxulb,raotdsenlvpfbim,55
miwujgeyntbcprd,wenumkxbjqvfsch,98
scoezxduvkafwlm,bvyrodxejshcmiu,61
wvusgoblcamtdyp,vjilhmoskyxbezd,13
gstlfhjbzdivyrm,ebqplvnfuxtcomj,70
ftugjrwaxidzblh,qxtipujgfsknybz,63
pzeiwgbkotnrlfs,hzsylwompkrdqix,37
smfjheoticawunx,nlxrgjwiomauzyk,96
pwyzhfskqiducxg,mbicagjhzvlkeqt,89
epvamdkbozxcqjf,nyaxrivlcemkjtf,73
srifgwpetcyjukl,rkadfyewmhonpcl,58
oriqdwjsutcylkx,mcjgpvfonihswez,91
xywlgdabmtcnopz,gcaymkwzfntbvsh,30
lyosgufmavxecnk,nzsfapjcheoxukd,47
nipfkxtahwrbsul,vcubtmqdrgzoyfi,17
gkwnvrzxmubajyp,bdqptifxvaeonry,1
nkiqslamoyduhjg,rsgblwpdmetkuho,21
pgaymloztdxufcb,mfnxygvtjulsweb,26
fzpstqdnkicyrew,mtnakbpfcvsxwhl,85
enxrusjahqbdtpz,npafqlsrytjucgz,76
uvrdltgsfzobpkw,xefhpmyusvzatqr,29
fzawlyocsmhrtkj,lyhuvcxkbojmwtr,10
zpkoshfyibawtux,lcoghwtkbsvujmp,94
xvzqpdjmskoiycg,pzjlyunavhiewkt,6
mqoyzabtcjdnxsw,cmkuzetsojvhgbx,52
mijynkhalpxwcou,ansitxklbporgdm,71
rvbqnpltaocmkxg,ockfnuixyhdagvt,39
xkywovbgaldznuj,gaxyfoescqtpkbv,69
uvigxfpnahwocjk,aeujwsgxrhionmk,14
cphyeqbzgdanvkt,luczrwaxbvkmhef,16
fecrwyvmqgujdan,jgluesawriyfbtz,60
ayrjdwcigtoxphq,zjeflaxtbqdcihn,98
rabikvuengzojdp,tqbwumaksxvognp,32
rmqxnyogzbdplwe,jomwpqvhedkcxua,46
hnvpjxdafmobrzl,yxlnreihjfsowzk,98
xdwomfnrkaqzeyb,lbigwduvmrstzqo,42
daimvygeworxqzf,tfqvezijwxmkpcl,3
ygiknoaljcmbswq,nyfxivtkjshrzea,74
xlzjgeqwkmascni,qiztewsgxbnvymr,31
vpszxeflibuawyt,xgcwurflmazvqid,86
qxindmlpgekbcyf,labkhxmzqoicjvs,72
myawrvjqsngbetx,britvokmdxjhqsy,25
itmgyuoxnjfwpvq,agmbpfhreqnxutk,32
svzlqhrcyebkwud,rxeuhvdqyiztlco,3
sxbryceqhjkinmw,kmpjbrftwsonxve,74
jdlhciktnwoaxpv,wifudvrepabhtxz,48
poijanfqexctzlu,afhewrlpjigcnvs,31
dzphkuibslaymco,acgtdnmzyhelubk,26
dnuaevlcxbrtsmy,vxhszcubwldnrfq,36
govqickzbdhwean,slcfyvitmbexujd,38
ygxmsvrfznqiubt,uhapgtmvbzcsiwx,64
hsiyvdkfqpwalrb,abvwusfoltjqirx,32
oaecwqkzvsbtflx,rkufnwdleqoaghc,5
axgvjlfrwtskhym,ytupcflqmihdaog,64
riagcnhvudwbsmq,tvijelayhxqfgrz,91
dtiepocxgjhfzlv,xebcykvismznlha,4
bauyvcezhrjdqmg,sjklgmyhbfzqotc,16
ohrjidqamgzcxfe,rqfdzyxoewpvuct,98
fzjulndshybicea,sqmkwfyajlungox,16
dlkzycijgvtxhsp,bdkrfpgqhmxnews,21
uwtfbjkvihecsoy,qlrhgnmvkeipcba,59
fjughbokrcemxsv,iqvfkpchnlbsawt,70
lyuhznkdaqrmebi,haubvzsorkdqtyp,63
uknjhlfzboamqti,kmbsiolqphfgnyw,13
hxdjazpruwlsgqf,nklxtswciaemohz,60
fapioldvxuemhgr,maosdhkbgexltry,46
nqzcmhfupsotgwl,tauomgsxlznkjfy,43
entrmdyupabislh,eidfpunavxcowmr,45
cbnqhsfwplajozt,wxqczpeolnsrmdt,98
shzdmtgawqbnjxy,vbfpdzhmuxntilj,47
csjzypktugdnaqo,cizvyomrhntkwup,82
nmuctpxadzgkhrv,xgwszphuyialeot,93
hzudaiecypklomx,rligojfzchdsqpv,13
glxeizkdbhanrfv,txbgkcvslmoyqud,2
lmejvcsqywnrgah,ihfeowzmqpsryun,65
gktvjwnclyfxdhs,nehjbayqwmoipxr,78
wihjxobzqrnkegd,qyiflcwatmpzhvo,91
pxzrnqhwsdlkeiu,zeyqpkutfjchxsv,91
judqzivhsnewrcy,dxpqrualhtnkmfy,30
tlxbagheqiskdfz,wrxedqvbukiztjo,15
siakzplhqxtndgu,ghcmynezaplioux,64
samkcwdbypvifoh,qtcmugbhwizoxrp,84
vpaklqbjoztunsm,brsxlzkgfocjhyi,56
mnkvtudlihgozwb,jswpkvqtlcrougm,99
cuhgklopqrnyemd,iluvqtfzjemrxhw,70
vcpfwaugyoqzejl,frecojmtsvdphlw,47
femtkoqjsupdgbr,gwlzqdsimpubjfo,21
lsptgwqujeinxoz,ziartqfvlnuxody,32
csvgrenilyhmjqt,edfvjtikpuhymwz,80
kajhqmzrxidfocl,cfyuvpgsrnwxmzq,81
junicxkeodmgrqb,lanfkmirusvbjwx,74
fwiglnymjkopuaq,aruhvtjkqxbfiyd,64
aqyuenrhbkzdcmv,plfvgsjbzymarku,96
ovdaiuktjzxlsnb,gozndjivxmcfkyw,63
qdaxomkngwizsey,sojmbflngzrvaxk,97
phavwgiztkecrdx,qzyscgnxwujdpbv,1
waspykjczgxelbq,mdlcjzxqtrohnif,43
zgdmaxkjblstfup,zoxjwcdftregkvp,58
agibhnsmluwpvzj,cmwxvdjzaiofhue,66
vmwdcquysexnbfr,rewaljzftgviopb,57
fdkxingvczyorst,opnqrduigfybszt,4
qnyhvgatskzeruj,cxqsjympuwiztae,71
ketxbjaygcdsqvm,bfwioqmdxkzhtls,48
lpfvbcsthijadyx,ayfmpkcixwrjlgh,91
njoidqfrcamkhgz,vosgweqzhfmyuxn,81
gqnkwzftismvche,sqcluwxvmprtnfb,99
advrghltwmyqupz,hbwpnjkyqdexmrt,69
lnpvrcamiueywtk,nbshcretqdgakoj,79
wasbpyvqokfdlui,hsekvdjmpyxnqil,34
votyzwiehjaucrl,klsfmbtyzrxwcnj,16
wazghftjuinrxbd,clbzuswnghvmtki,13
dfnzwoergqiaxym,xgdhpzlqkubtfay,99
oiypcbtwjkrqzgx,ngyjeikfabmsrph,30
udgzkibrejawoyf,ipxvdjnqmyhsrab,95
oefksvbnmgpuwli,ogmsivtrhpxdfkw,16
kugzfolywtsqrin,hfbsiavprdmgcxw,93
xzltvqdosabkewc,lxpmagzvqjrsbki,6
mgpdwrtosyqkxcj,lrqkozgmhwpcyai,89
czqbxfusopdkrhi,lszhwoxfqanyjcv,45
uqomphnlxretzvc,kruqxsfmdtbopvc,90
xyhwgrvnuabplsm,eltqcbmdspgznkr,73
cidhlzjvtkaqfbp,yubdtckgiwmrhxv,18
xjnpuwclskvhbrt,zcxyhtormveuqfn,13
ebpdizfrmjcoalh,mqbywsjdkpgtfue,63
gdfiaxpblqhksyz,iundmfyvrbxwheg,62
wzacskemndbfrgy,xsgjowftakivmbp,57
kmbugnrwslvqycp,zkydwjnuiorhmbs,66
tqrhgcnfjaypves,ahipkedovfsnuqr,61
lzosudywgcnpbih,sdeanxuqmybtrpg,27
rxyqngoacjvpzui,weckvzoypxqsdmh,1
dejslpuwfcoykmx,okqpuljwvimsfcr,33
vnitzmuolepdrwh,nxrmfsbgtlzyque,99
teubdvkasoizqhl,gwacyltmsdouzhk,20
jxyuslortngpzad,hfmjewbqaidsguy,1
ymduwqbfxkciorn,enubwdypjhfzack,70
yjxpcabuowhfzel,wrqyiobcefkjtgl,52
efxhgpswzrvlacb,ygazsvdlmrokxet,75
bmfwehtzucsikvn,oakgmfwhtipyrzj,89
qsenpudgicjxhkm,nleptxwmfgbijvk,89
dwzsthmixrfouac,botgrnvflpqdyie,92
xwdumtolvqrapej,gnvcyixkoasemzu,86
rzbjcksxolvwadn,lsroguqxjaecyvm,27
ulmfvkyqiapjxse,wihxnajuckgltyq,85
ubktsldchfamvjr,uhotkdcenpvlrzb,19
jwvpaoxukhmziqg,yltzmepaxgidufb,39
gyhvqkrexutacmw,ordwbjupvtykhaf,76
rndhtgsoiezkuwp,extqgcsbfjodnpl,86
scxmtbzvkluqjdn,ynmrepuabviqgho,69
hjkebuogsxdarcm,nvfdtwargojlkcb,42
lyzxcvmdnogpwis,esxzdghuvyrbpom,2
ieljrqxzbmgcuvh,gfmrolpiwhzyuen,37
sprzmqhtkcoidla,qrvtpabmnjuoxld,94
jnhlarsyqcfupzv,jkfiezqpgtomhla,38
hsovlyigtmcjnbq,frizgxlahqmpyno,7
ckwtgyhnodzsfla,xgnwfirypbuclhe,15
xclfwqbohkaujdi,ajnlecikbuogzdt,17
qfpngbchkietyjz,numbcwdxjpehqrg,52
mqbosjgcaditlyh,dqmfajgcuxrntev,70
sozdlqtyahnrmfe,jytnzwxdmgqrpuh,30
hckgbqnxuzolpve,obnjaqceikmgsut,42
txnbcydamkihsvl,lxnudmtorsekgwh,40
pysqaguziohjmbr,dqyxukbgelmcnhv,56
frlxhgtydjoqmki,wmzcasqrikyoule,94
frtpwmvlxkuiojn,kjwyetbhuqspnaz,65
wkpgnmvxiaqrjye,sowfhyquzdvlrke,68
bjtdnakfcuorvqm,zkmbufwipqlhgav,69
apdzkhbcqulrymw,mvsiqowjxcehfyb,24
vcstorpudmyewzi,bhrpjytfsoaiume,34
rwalixctdgufesn,jmpvurithqylobs,86
ysbpdunlvhxmqig,kfgsjqcihrytupz,25
fuovshbpcwarqdg,dwfmqsljvorexny,88
gavcozilktphxer,wfdjtievloasbkr,72
vyjipqtksuwhbnl,bhedqijkmvsrgtn,1
iucbnmeyzlphoxk,qdbcymhvearuwtn,5
uyvwkpdxqzinlbe,zyirevcaglwuofp,33
bhuyjvgncpqzedw,csegwaxvjypfukl,68
qazrlmftpdbhgwv,zgxvsfkichpnbur,90
mkquwhnsbxazleo,zqjexipvlgokyts,33
dzxwgyhnkrltqoj,dpueazbryixcnjl,74
jlcyptgrqwefoxv,itcwhgqjbvmzklx,77
bhvsedmywapnrkj,zyorshiqbekvanu,20
nzvdatyrschfwbq,yjzraxswnlducig,27
nzfbxodwyelraku,rcyguaobdkzijmp,77
rnwzqpbdheutjyi,aourjynfxtzvkml,51
niytazqgcbkxwmr,sdebplxtfjvzghn,60
vkndlzaciqtpsrh,hmgqneoplrskwzu,94
aurtowkeidnxcbf,svxgwojpndrzqcu,89
owmykxtqcevbzps,fxzckvbrqdalgji,15
bzohaqnpywctxdk,ydwjanpvhcgbzeq,97
idpxabytmklqzgh,qnzprkmgtcdjvbu,19
noctirwlmaqhksb,mnvkrcgeybowjfu,15
fsquyalpgmbztiw,prukihqvngosblz,80
lvigqrxjckpfzut,edfcqkmsojtzvxh,73
gaukysqhwjioflb,rsxlfjcuyviazhm,16
epwoquxgrtskdzh,gxutpswlnmzfoiq,73
bpanroyedqijzvt,eizoxcbkgrmuvql,61
alykrdwcuehbvqt,anelyikjbhmwrtd,69
esnydbvpatgiqru,jexbirwqcmufpvz,87
xtknhlqzpviyuaw,lniguorsqacepfh,48
rmwotpuasvxlkfq,uohidgtvwrcsyfl,86
dckjsilzpygutqb,dfogzsvyntwamkp,70
bksyghzdeamxrlv,msruolpibtwfcgd,40
thfdqwylgsncmbk,zvmqthgnouwixlr,23
cboafkqwdzlueti,zpiutmycfdesljk,78
mjlonpgayzcdbre,vzklhjgfosdcbyx,30
xrpomujhvftydgn,xjgdtfceulnovbm,55
bouswlqpdtzcjki,djfsuhnptylgaev,72
uwpanbmrfliygjd,egyaqbozrnujhcw,72
vqhdmrgxtbzyulw,jfktinrqdlzwvoh,94
girvzkjumfdnxtq,cbingahyewjuxfq,5
dzqwlgnjtuhispr,rgxbmaihskfnvwe,87
hajxsteldpkbmrq,drezsfojmahtuyi,3
zoqrwtxnfbmjhep,rulejmcqdxtibzh,87
cpxilyzqwunjvtf,juztsxweridavky,53
tbzapsqevyhwunl,uzvwinrsabqpfkt,8
zylehmdkucofgvx,avqkzmtlhxrobep,24
fkqlxpbhrmwujio,lycrziamodqjbgh,44
iexbqyzuwsrtdph,pxygitubhvcdfsk,20
adkxnwfmcyosjhb,bgcohrzqlwjmyux,94
gnxhdtvpfjermuy,efqubcshnkzgdlr,94
pldiujzsxmqaegv,gkhfxuqrljmwivn,11
pezjgdbcnwtixkh,gdzcarjofwvtlyu,77
otkdnebfuyrcwxg,qnskgartijwfyho,78
alcmhsgbrwtofpj,wxsohcajkvulynt,92
incwqgkaoyvhbjr,lgynpwoxeztsqhr,36
daijpyonegbvkzf,sjmwegiftqvpblz,98
noqrlhubksacdzf,obhyjgvxzwtckem,53
bnamqptyeoxwlfu,rofbxknlcmjzhvp,15
euhqgylntpwxbij,qkdsgbazwmyhjft,27
gvkbzdxoreiqtpj,cuhimtqvaryeskz,51
owfpejdlvaqubzs,fnyxpkhvjdmsuar,24
gjwzbfirovndxec,squfnkrxtbovjhp,99
dbyxowgfmtkrjln,tlpickaoxshuyde,93
cnegwapkyjqbhou,tsjadlzwhkgfyqp,76
hpsrazeotmdnwqy,npbyczjawdolmuv,56
zxmdfotjskypnwu,eouklmhbifgwctp,28
vfjaryskmopghlt,umgcaqleywikpjr,35
zhquaptejfiycng,tfbnuxjpkcazvmg,89
vnsczhewipqtgkl,tplbryoagidkzqu,38
ksmfwjqacvtbgey,ytmsojarhxfnilv,88
iydvbwmqsgofrzu,tajqwxbfsholvdz,57
hdyrqvainwjlxsc,msiveqhakudrlbp,39
smlxruoejazwivb,deaxshojwgftbir,44
vunrfpcgwbhzxjm,pgcjbesfztqhwro,55
ajetlxbzrwodisk,uptnelyvhwmxfka,62
owkigzpsjrxyadc,unapybtzjrfmicx,63
bqkodmnrwgpivcz,bdjoivtkazpgrsh,96
qdcwespbrziyuxg,bphmslicugjvkyt,39
dhnyplsftwkcvxm,xiulfpjosznvhmd,29
dpwxftlygbusozr,qpmgbtcxhozruie,24
wkmdgpjnhbfqlrz,outwjbgxizapkmr,89
kqpoebtzcmanyrf,psqwebtjioxrcag,28
amihcfwnlzgdrxy,sqgrycfdtaxupim,29
knjbelugowmtsxz,iuzafqjydbekltr,59
jluahmvwirzpcfq,vycsrfkwelmqbhp,37
pwxtdrogcnvyaeq,ayoxsdmzwiljgkc,49
epbqyotwlrnxfsv,whirjyasugnlxfd,66
spbygjqndfolxwk,rsmzntlpvywdbui,94
ahdicetknzlqrpu,vfmxlskptqugihn,59
icemlgxjfhdqvwz,wlacqdyhsubfgez,31
xfquevmzkgtsnly,nbxatszujpwcihq,94
plfxayhjgwicqzm,fbezwadjkgspnml,24
kqpivjrmchbtydg,lfdbhzmqunwxtys,37
zlufqxcyebothjm,kcxmganpybfhqzw,18
vyzkaqfnisehcwb,rvxhgtdmjwfbzes,13
ywmvlpbihjsfzrg,dlkfmvcaqoueysw,44
auvomcdynrzwjpe,vjetqzrdhykumgw,54
tvsgjeybhpcqomr,zuhjastgbrpxicl,65
kvijlxuznywcqmg,kbtyzjrhodnaexv,63
qmahwxnusobvgzd,jywqinlugcvftab,67
ziymrluvcxbdwjs,zbhdjmplsuaqxve,47
dgkosmhyxcairpt,bvourfswlpzknix,88
vqolpigxdyzjkaf,lzkrbqofthgnwsx,82
zjlhkncitropemw,ahmckvzypgdrubl,66
aphmougcxntwbie,icuqkvohzbdpjxm,98
coftsmbdhlqkpgx,giosjzpbclhmvdx,8
dzrgcsjkvhiuwma,cetjgfmqxvwrdzy,62
gwfjbhcrosxvnty,tyxasleonczjrpm,46
qtgmsvxjkeaprfl,jhzwsvtmuqeglpb,55
kqyveahirwuzpot,hazoleiqvpmgxry,42
qlwayrvsedbjcgu,kzxmiogvfrjabhs,43
pxklfoiwybtsmzn,dnurpfisgqtmybj,19
igyehstfwnvojdc,fnvyedgqtlwmojb,25
dtepruswcxbykja,pkihdbyemwqrtcv,41
fjmvpxaocnqbyut,evkrmyciqfplads,91
laqcxudrvybzshw,bsrqozcngpeflwm,92
pktnjeflxsumrig,sotihnwbezqxfgj,45
bjzeipfdknogrvq,gyrlztifkbpduce,30
dfxkrycsuqeliwz,xeqpsjbuyfrgilm,60
ysemnvzhqudogjb,yiodafsmhzqwgjp,55
grqjlcwibzuotap,vzpcwqgkdyxaust,78
ejrtbafckhxgwol,kunitsebjrdaclm,26
baseidygnkxvzcj,vcmkdxfrtwqnlhe,16
clvgrtkszxnmhdb,jwpbaszfoueythq,30
hfxzayurgpqcoms,zagwhsbylqfjopr,81
ansdlicwuftvyom,epzobhtwqimcsfl,82
qmzferahsudlopn,ieudksjwcnvyrab,8
upqfgkctnyhalze,cfphqswrbaukjgt,6
qemjgxsniuyfopw,ecdhvbixoklymtr,34
zuafwxyebsgjcph,vpacbejwkutglhm,9
xkowitqdrsyfbpz,uvbgtqaokmiyjsw,16
thjoudlspyazqwv,kiowlquncpestmh,50
ewdbfotsvlnuypm,kjseywtbzchnpdv,57
vdfihzycsqexpub,kcuteqjoswialzd,6
aocxiykmwfzbsrg,tmkayoslexdbjhp,9
ljfyqrbcszvexda,wzexaloprbtvygu,83
qbwsfrkuedxpzlj,skzbyugxwqocnal,89
aksezqvylxocrfh,nfuaqgszwylptdo,37
znslemxopiacwgj,xbkzhjvanlgtiyr,96
iwdnfysohcugtbq,cgrvnuyxbsfkjte,4
xvlmdafhesbyotu,udmoyxnasgjiztw,4
ejxnpgrqwvfbait,cfiktxjsgazulop,90
kmzrujtofhcewax,jwitkyxbqaronsm,55
grewqcvlbptkzxd,znemfwvpobgkyua,98
jbydxqgvpzwimua,sahqwjnvrgflcxe,5
ipjhuvsbfowedyg,xwknojclqbstdam,56
naispwqgodfzvxl,vuzroagixtpmybw,55
uioncbfqtmsxryj,yzqbjoexmaplrni,30
